-- =============================================================================
-- SAFE RESTORE for NAC code: GT 07871B
-- Source dump: db-gims-2026-07-06_170031 (1).sql
--   (Jul-5 dump was not present in the workspace; this Jul-6 dump was used.)
--
-- Expected counts after restore:
--   stock_details 1 | spare_compatibility 1 | request_details 8
--   receive_details 8 | rrp_details 8 | issue_details 408
--
-- Safety features:
--   * Wrapped in a transaction (all-or-nothing)
--   * Preflight aborts if any restore PK is already used by a DIFFERENT nac_code
--   * INSERT IGNORE — never overwrites existing rows
--   * Does NOT delete anything
--   * Only restores rows for this exact nac_code (+ linked rrp_details)
--   * COMMIT is left commented — you must verify counts, then commit manually
--
-- HOW TO RUN:
--   1. Backup your live DB first
--   2. Run this whole script in MySQL / MariaDB client
--   3. Confirm preflight_status = OK and verification counts match expected
--   4. Run:  COMMIT;  SET FOREIGN_KEY_CHECKS = 1;
--   5. If anything looks wrong:  ROLLBACK;  SET FOREIGN_KEY_CHECKS = 1;
-- =============================================================================

SET NAMES utf8mb4;
SET FOREIGN_KEY_CHECKS = 0;
START TRANSACTION;

SET @target_nac := 'GT 07871B';

-- =============================================================================
-- PREFLIGHT CONFLICT CHECKS (abort if PKs were reused by other NAC codes)
-- =============================================================================
SET @conflict_count := 0;

SELECT COUNT(*) INTO @c FROM stock_details WHERE id IN (2147) AND nac_code COLLATE utf8mb4_unicode_ci <> @target_nac;
SET @conflict_count := @conflict_count + @c;
SELECT COUNT(*) INTO @c FROM request_details WHERE id IN (223,498,698,1026,1294,1326,1648,1990) AND nac_code COLLATE utf8mb4_unicode_ci <> @target_nac;
SET @conflict_count := @conflict_count + @c;
SELECT COUNT(*) INTO @c FROM receive_details WHERE id IN (46,225,307,500,631,699,944,1175) AND nac_code COLLATE utf8mb4_unicode_ci <> @target_nac;
SET @conflict_count := @conflict_count + @c;
SELECT COUNT(*) INTO @c FROM issue_details WHERE id IN (742,745,815,834,923,956,961,997,998,1006,1044,1061,1086,1246,1296,1630,1640,1685,1879,1941,2137,2195,2264,2265,2328,2354,2365,2384,2821,2890,3062,3104,3147,3149,3155,3157,3169,3279,3280,3334,3375,3445,3480,3541,3876,3927,4146,4181,4280,4346,4426,4456,4484,4509,4510,4531,4669,4706,4707,4708,4782,4783,4790,4799,4917,4967,5198,5260,5292,5305,5306,5307,5308,5309,5322,5511,5557,5719,5720,5721,5722,5723,5747,5760,5790,5791,5826,5831,5843,5867,5939,5951,6005,6030,6118,6148,6149,6155,6156,6162,6173,6174,6230,6532,6562,6611,6614,6661,6722,6725,6789,6862,6955,7092,7198,7252,7315,7413,7457,7575,8083,8146,8170,8171,8172,8173,8175,8260,8324,8555,8672,8722,8846,8876,8877,8956,8964,9007,9026,9046,9050,9051,9243,9487,9623,9687,9785,9948,9978,9985,10016,10017,10096,10097,10224,10225,10385,10439,10533,10575,10653,10736,10890,11024,11025,11126,11127,11128,11220,11361,11392,11711,11766,11767,11768,11819,12045,12054,12070,12106,12185,12217,12301,12605,12724,12734,12744,12800,12803,13021,13035,13119,13165,13258,13286,13287,13603,13604,13620,13748,13853,13956,13957,14004,14033,14042,14056,14184,14195,14238,14239,14273,14345,14363,14574,14581,14836,14871,14944,14945,14946,14949,14992,14993,15000,15001,15428,15430,15431,16001,16053,16054,16117,16118,16119,16120,16121,16218,16225,16340,16404,16506,16578,16579,16582,16730,16940,17020,17040,17041,17090,17160,17281,17364,17440,17698,17769,17868,18076,18150,18259,18287,18653,18714,18810,18944,19283,19341,19477,19521,19990,20057,20183,20402,20433,20492,20493,20549,20550,20551,20624,20647,20762,20763,20784,20848,20854,20855,20880,20916,20917,20918,21042,21109,21149,21267,21268,21358,21359,21360,21558,21749,21750,21851,21888,22007,22013,22242,22305,22306,22307,22328,22349,22413,22445,22615,22665,22749,22831,22961,22966,23089,23091,23111,23145,23220,23225,23226,23227,23405,23406,23417,23546,23603,23631,24613,24625,24775,24776,24777,24778,24865,24869,24948,25152,25183,25314,25436,25445,25501,25516,25517,25655,25713,25721,25728,25738,25739,25996,26018,26019,26181,26314,26341,26420,26575,26604,26605,26715,26740,26741,26742,26743,26744,26745,26940,26953,27021,27097,27784,27917,28094,28189,28195,28210,28211,28226,28368,28371,28379,28467,28492,28684,28721,28747,28774,28801,28860,28891,28994,28998,28999,29033,29046,29050,29060,29128,29433) AND nac_code COLLATE utf8mb4_unicode_ci <> @target_nac;
SET @conflict_count := @conflict_count + @c;
SELECT COUNT(*) INTO @c FROM rrp_details WHERE id IN (36,179,250,446,581,637,865,1056) AND (receive_fk IS NULL OR receive_fk NOT IN (46,225,307,500,631,699,944,1175));
SET @conflict_count := @conflict_count + @c;

SELECT @conflict_count AS conflicting_primary_keys;
SET @msg := IF(
  @conflict_count > 0,
  CONCAT('ABORT: ', @conflict_count, ' primary key(s) already used by other records. Do not restore blindly.'),
  'OK: no conflicting primary keys'
);
SELECT @msg AS preflight_status;

-- Hard-stop if conflicts exist (division by zero raises an error and stops the script)
SET SESSION sql_mode = CONCAT(@@sql_mode, ',ERROR_FOR_DIVISION_BY_ZERO');
SELECT (1 / IF(@conflict_count = 0, 1, 0)) AS preflight_ok;


-- ---------------------------------------------------------------------------
-- stock_details: 1 row(s)
-- ---------------------------------------------------------------------------
INSERT IGNORE INTO `stock_details` (`id`, `nac_code`, `oil_code`, `item_name`, `part_numbers`, `applicable_equipments`, `open_quantity`, `open_amount`, `open_remaining_quantity`, `current_balance`, `location`, `card_number`, `unit`, `image_url`, `created_at`, `updated_at`, `updated_by`, `base_nac_code`, `search_key`) VALUES
  (2147,'GT 07871B','GT 07871','HYDRAULIC OIL','NUTO-H-46','Consumables',615.00,173436,0.0000,146,'Oil-S-03','2','LT','/images/receive/031ca39d-c3a2-44db-bbf5-6209902c7414.jpg','2025-07-28 08:09:54','2026-07-04 12:25:29','','GT 07871','gt 07871b gt07871b nuto h 46 nuto h 46 hydraulic oil consumables');

-- ---------------------------------------------------------------------------
-- spare_compatibility: 1 row(s)
-- ---------------------------------------------------------------------------
INSERT IGNORE INTO `spare_compatibility` (`nac_code`, `equipment_code`, `created_at`) VALUES
  ('GT 07871B','Consumables','2026-06-21 07:06:09');

-- ---------------------------------------------------------------------------
-- nac_units: 0 row(s)
-- ---------------------------------------------------------------------------
-- (no rows for GT 07871B in dump)

-- ---------------------------------------------------------------------------
-- unit_conversions: 0 row(s)
-- ---------------------------------------------------------------------------
-- (no rows for GT 07871B in dump)

-- ---------------------------------------------------------------------------
-- prediction_metrics: 0 row(s)
-- ---------------------------------------------------------------------------
-- (no rows for GT 07871B in dump)

-- ---------------------------------------------------------------------------
-- fuel_equipment_consumption_cache: 0 row(s)
-- ---------------------------------------------------------------------------
-- (no rows for GT 07871B in dump)

-- ---------------------------------------------------------------------------
-- request_details: 8 row(s)
-- ---------------------------------------------------------------------------
INSERT IGNORE INTO `request_details` (`id`, `request_number`, `nac_code`, `request_date`, `part_number`, `item_name`, `unit`, `requested_quantity`, `current_balance`, `previous_rate`, `equipment_number`, `image_path`, `specifications`, `remarks`, `requested_by`, `requested_by_id`, `requested_by_email`, `approval_status`, `is_received`, `approved_by`, `rejected_by`, `rejection_reason`, `receive_fk`, `created_at`, `updated_at`, `reference_doc`, `reference_document_uploaded_date`, `reference_upload_skip_until`, `reference_upload_skip_marked_by`) VALUES
  (223,'10.19Y82T079F82RN079','GT 07871B','2025-08-04 00:00:00','NUTO-H-46','Hydraulic Oil','LT',1470,193.00,'N/A','Consumables','','','','santosch492@gmail.com',NULL,NULL,'APPROVED',1,'bhattadipen33085@gmail.com',NULL,NULL,46,'2025-08-05 10:26:24','2026-06-21 07:01:06','/images/request/request-reference-10.19Y82T079F82RN079.pdf','2025-08-08 04:53:11',NULL,NULL),
  (498,'10.19Y82T233F82RN233','GT 07871B','2025-09-13 00:00:00','NUTO-H-46','Hydraulic Oil','LT',1260,289.00,'277.98','Consumables','','','','anitakc003@gmail.com',NULL,NULL,'APPROVED',1,'bhattadipen33085@gmail.com',NULL,NULL,225,'2025-09-14 04:30:20','2026-06-21 07:01:06','/images/request/request-reference-10.19Y82T233F82RN233.pdf','2025-09-24 16:32:56',NULL,NULL),
  (698,'10.19Y82T352F82RN352','GT 07871B','2025-10-16 00:00:00','NUTO-H-46','Hydraulic Oil','LT',1260,120.00,'277.98','Consumables','','','','anitakc003@gmail.com',NULL,NULL,'APPROVED',1,'bhattadipen33085@gmail.com',NULL,NULL,307,'2025-10-17 08:01:22','2026-06-21 07:01:06','/images/request/request-reference-10.19Y82T352F82RN352.pdf','2025-10-30 08:07:23',NULL,NULL),
  (1026,'10.19Y82T547F82RN547','GT 07871B','2025-12-02 00:00:00','NUTO-H-46','Hydraulic Oil','LT',1260,300.00,'277.98','Consumables','','','','anitakc003@gmail.com',NULL,NULL,'APPROVED',1,'bhattadipen33085@gmail.com',NULL,NULL,500,'2025-12-03 07:40:30','2026-06-21 07:01:06','/images/request/request-reference-10.19Y82T547F82RN547.pdf','2025-12-16 14:59:17',NULL,NULL),
  (1294,'10.19Y82T697F82RN697','GT 07871B','2026-01-13 00:00:00','NUTO-H-46','Hydraulic Oil','LT',1260,209.00,'277.98','Consumables','','','','anitakc003@gmail.com',3,'ragsem@nac.com.np','APPROVED',1,'bhattadipen33085@gmail.com',NULL,NULL,631,'2026-01-13 07:38:57','2026-06-21 07:01:06','/images/request/request-reference-10.19Y82T697F82RN697.pdf','2026-01-17 06:03:45',NULL,NULL),
  (1326,'10.19Y82T722F82RN722','GT 07871B','2026-01-23 00:00:00','NUTO-H-46','Hydraulic Oil','LT',1250,1154.00,'277.98','Consumables','','','','santosch492@gmail.com',3,'ragsem@nac.com.np','APPROVED',1,'bhattadipen33085@gmail.com',NULL,NULL,699,'2026-01-23 14:50:16','2026-06-21 07:01:06','/images/request/request-reference-10.19Y82T722F82RN722.pdf','2026-01-28 07:37:03',NULL,NULL),
  (1648,'10.19Y82T944F82RN944','GT 07871B','2026-04-05 00:00:00','NUTO-H-46','Hydraulic Oil','LT',1050,859.00,'277.98','Consumables','','','','anitakc003@gmail.com',3,'ragsem@nac.com.np','APPROVED',1,'bhattadipen33085@gmail.com',NULL,NULL,944,'2026-04-05 09:35:29','2026-06-21 07:01:06','/images/request/request-reference-10.19Y82T944F82RN944.pdf','2026-04-08 06:56:51',NULL,NULL),
  (1990,'10.19Y82T1156F82RN1156','GT 07871B','2026-05-26 00:00:00','NUTO-H-46','Hydraulic Oil','LT',1260,571.00,'277.98','Consumables','','','','anitakc003@gmail.com',3,'ragsem@nac.com.np','APPROVED',1,'thapatr7@gmail.com',NULL,NULL,1175,'2026-05-26 02:45:11','2026-06-21 07:01:06','/images/request/request-reference-10.19Y82T1156F82RN1156.pdf','2026-05-28 05:37:43',NULL,NULL);

-- ---------------------------------------------------------------------------
-- receive_details: 8 row(s)
-- ---------------------------------------------------------------------------
INSERT IGNORE INTO `receive_details` (`id`, `receive_date`, `request_fk`, `nac_code`, `part_number`, `item_name`, `received_quantity`, `remaining_quantity`, `unit`, `approval_status`, `approved_by`, `rrp_fk`, `created_at`, `updated_at`, `image_path`, `location`, `card_number`, `rejected_by`, `rejection_reason`, `received_by`, `transferred_quantity`, `receive_source`, `borrow_source_id`, `borrow_status`, `borrow_date`, `return_date`, `return_receive_fk`, `borrow_reference_number`, `equipment_number`, `tender_reference_number`) VALUES
  (46,'2025-08-03',223,'GT 07871B','NUTO-H-46','Hydraulic Oil',1050.00,0.0000,'LT','APPROVED',NULL,36,'2025-08-05 11:45:02','2026-06-21 07:01:06','/images/receive/c58f57e4-5360-4517-9910-337a89dbeb9b.jpg',NULL,NULL,NULL,NULL,'santosch492@gmail.com',0,'purchase',NULL,NULL,NULL,NULL,NULL,NULL,NULL,NULL),
  (225,'2025-09-23',498,'GT 07871B','NUTO-H-46','Hydraulic Oil',1260.00,0.0000,'LT','APPROVED',NULL,179,'2025-09-24 16:32:56','2026-06-21 07:01:06','/images/receive/d0ce154d-8d1f-4653-8613-753570ec6f4c.jpg',NULL,NULL,NULL,NULL,'anitakc003@gmail.com',0,'purchase',NULL,NULL,NULL,NULL,NULL,NULL,NULL,NULL),
  (307,'2025-10-30',698,'GT 07871B','NUTO-H-46','Hydraulic Oil',1260.00,0.0000,'LT','APPROVED',NULL,250,'2025-10-30 06:35:10','2026-06-21 07:01:06','/images/receive/031ca39d-c3a2-44db-bbf5-6209902c7414.jpg',NULL,NULL,NULL,NULL,'anitakc003@gmail.com',0,'purchase',NULL,NULL,NULL,NULL,NULL,NULL,NULL,NULL),
  (500,'2025-12-16',1026,'GT 07871B','NUTO-H-46','Hydraulic Oil',1260.00,0.0000,'LT','APPROVED',NULL,446,'2025-12-16 12:30:19','2026-06-21 07:01:06','/images/receive/031ca39d-c3a2-44db-bbf5-6209902c7414.jpg','Oil-S-03',NULL,NULL,NULL,'santosch492@gmail.com',0,'purchase',NULL,NULL,NULL,NULL,NULL,NULL,NULL,NULL),
  (631,'2026-01-23',1294,'GT 07871B','NUTO-H-46','Hydraulic Oil',1050.00,0.0000,'LT','APPROVED',NULL,581,'2026-01-23 13:33:20','2026-06-21 07:01:06','/images/receive/031ca39d-c3a2-44db-bbf5-6209902c7414.jpg',NULL,NULL,NULL,NULL,'santosch492@gmail.com',0,'purchase',NULL,NULL,NULL,NULL,NULL,NULL,NULL,NULL),
  (699,'2026-02-06',1326,'GT 07871B','NUTO-H-46','Hydraulic Oil',1050.00,0.0000,'LT','APPROVED',NULL,637,'2026-02-07 05:32:45','2026-06-21 07:01:06','/images/receive/031ca39d-c3a2-44db-bbf5-6209902c7414.jpg',NULL,NULL,NULL,NULL,'santosch492@gmail.com',0,'purchase',NULL,NULL,NULL,NULL,NULL,NULL,NULL,NULL),
  (944,'2026-04-12',1648,'GT 07871B','NUTO-H-46','Hydraulic Oil',1050.00,0.0000,'LT','APPROVED',NULL,865,'2026-04-20 11:32:11','2026-06-21 16:08:45','/images/receive/031ca39d-c3a2-44db-bbf5-6209902c7414.jpg',NULL,NULL,NULL,NULL,'santosch492@gmail.com',0,'purchase',NULL,NULL,NULL,NULL,NULL,NULL,NULL,NULL),
  (1175,'2026-06-11',1990,'GT 07871B','NUTO-H-46','Hydraulic Oil',1260.00,988.0000,'LT','APPROVED',NULL,1056,'2026-06-11 09:33:05','2026-07-04 12:25:29','/images/receive/031ca39d-c3a2-44db-bbf5-6209902c7414.jpg',NULL,NULL,NULL,NULL,'anitakc003@gmail.com',0,'purchase',NULL,NULL,NULL,NULL,NULL,NULL,NULL,NULL);

-- ---------------------------------------------------------------------------
-- issue_details: 408 row(s)
-- ---------------------------------------------------------------------------
INSERT IGNORE INTO `issue_details` (`id`, `nac_code`, `issue_date`, `part_number`, `issued_for`, `issue_quantity`, `issue_cost`, `remaining_balance`, `issued_by`, `issued_at`, `updated_at`, `updated_by`, `issue_slip_number`, `current_fy`, `approval_status`, `approved_by`, `extends_applicable_equipment`) VALUES
  (742,'GT 07871B','2025-07-18 00:00:00','NUTO-H-46','1111',5,1410.05,610,'{\"name\":\"Santosh Chaulagain\",\"staffId\":\"santosch492@gmail.com\"}','2025-07-28 15:09:03','2026-07-04 12:25:29','{\"name\":\"Santosh Chaulagain\",\"staffId\":\"santosch492@gmail.com\"}','2Y2082/83','2082/83','APPROVED','bhattadipen33085@gmail.com',0),
  (745,'GT 07871B','2025-07-18 00:00:00','NUTO-H-46','1704',5,1410.05,605,'{\"name\":\"Santosh Chaulagain\",\"staffId\":\"santosch492@gmail.com\"}','2025-07-28 15:09:03','2026-07-04 12:25:29','{\"name\":\"Santosh Chaulagain\",\"staffId\":\"santosch492@gmail.com\"}','2Y2082/83','2082/83','APPROVED','bhattadipen33085@gmail.com',0),
  (815,'GT 07871B','2025-07-20 00:00:00','NUTO-H-46','201',160,45121.6,445,'{\"name\":\"Anita KC\",\"staffId\":\"anitakc003@gmail.com\"}','2025-07-29 10:36:47','2026-07-04 12:25:29','{\"name\":\"Anita KC\",\"staffId\":\"anitakc003@gmail.com\"}','4Y2082/83','2082/83','APPROVED','bhattadipen33085@gmail.com',0),
  (834,'GT 07871B','2025-07-20 00:00:00','NUTO-H-46','1107',15,4230.15,430,'{\"name\":\"Anita KC\",\"staffId\":\"anitakc003@gmail.com\"}','2025-07-29 10:36:47','2026-07-04 12:25:29','{\"name\":\"Anita KC\",\"staffId\":\"anitakc003@gmail.com\"}','4Y2082/83','2082/83','APPROVED','bhattadipen33085@gmail.com',0),
  (923,'GT 07871B','2025-07-22 00:00:00','NUTO-H-46','629',60,16920.6,370,'{\"name\":\"Santosh Chaulagain\",\"staffId\":\"santosch492@gmail.com\"}','2025-07-29 12:46:34','2026-07-04 12:25:29','{\"name\":\"Santosh Chaulagain\",\"staffId\":\"santosch492@gmail.com\"}','6Y2082/83','2082/83','APPROVED','bhattadipen33085@gmail.com',0),
  (956,'GT 07871B','2025-07-23 00:00:00','NUTO-H-46','341',1,282.01,369,'{\"name\":\"Santosh Chaulagain\",\"staffId\":\"santosch492@gmail.com\"}','2025-07-29 14:04:01','2026-07-04 12:25:29','{\"name\":\"Santosh Chaulagain\",\"staffId\":\"santosch492@gmail.com\"}','7Y2082/83','2082/83','APPROVED','bhattadipen33085@gmail.com',0),
  (961,'GT 07871B','2025-07-23 00:00:00','NUTO-H-46','204',20,5640.2,349,'{\"name\":\"Santosh Chaulagain\",\"staffId\":\"santosch492@gmail.com\"}','2025-07-29 14:04:01','2026-07-04 12:25:29','{\"name\":\"Santosh Chaulagain\",\"staffId\":\"santosch492@gmail.com\"}','7Y2082/83','2082/83','APPROVED','bhattadipen33085@gmail.com',0),
  (997,'GT 07871B','2025-07-24 00:00:00','NUTO-H-46','1704',10,2820.1,339,'{\"name\":\"Santosh Chaulagain\",\"staffId\":\"santosch492@gmail.com\"}','2025-07-29 14:30:23','2026-07-04 12:25:29','{\"name\":\"Santosh Chaulagain\",\"staffId\":\"santosch492@gmail.com\"}','8Y2082/83','2082/83','APPROVED','bhattadipen33085@gmail.com',0),
  (998,'GT 07871B','2025-07-24 00:00:00','NUTO-H-46','1511',5,1410.05,334,'{\"name\":\"Santosh Chaulagain\",\"staffId\":\"santosch492@gmail.com\"}','2025-07-29 14:30:23','2026-07-04 12:25:29','{\"name\":\"Santosh Chaulagain\",\"staffId\":\"santosch492@gmail.com\"}','8Y2082/83','2082/83','APPROVED','bhattadipen33085@gmail.com',0),
  (1006,'GT 07871B','2025-07-24 00:00:00','NUTO-H-46','342',2,564.019,332,'{\"name\":\"Santosh Chaulagain\",\"staffId\":\"santosch492@gmail.com\"}','2025-07-29 14:30:23','2026-07-04 12:25:29','{\"name\":\"Santosh Chaulagain\",\"staffId\":\"santosch492@gmail.com\"}','8Y2082/83','2082/83','APPROVED','bhattadipen33085@gmail.com',0),
  (1044,'GT 07871B','2025-07-25 00:00:00','NUTO-H-46','342',2,564.019,330,'{\"name\":\"Santosh Chaulagain\",\"staffId\":\"santosch492@gmail.com\"}','2025-07-29 16:22:57','2026-07-04 12:25:29','{\"name\":\"Santosh Chaulagain\",\"staffId\":\"santosch492@gmail.com\"}','9Y2082/83','2082/83','APPROVED','bhattadipen33085@gmail.com',0),
  (1061,'GT 07871B','2025-07-25 00:00:00','NUTO-H-46','1004',80,22560.8,250,'{\"name\":\"Santosh Chaulagain\",\"staffId\":\"santosch492@gmail.com\"}','2025-07-29 17:21:13','2026-07-04 12:25:29','{\"name\":\"Santosh Chaulagain\",\"staffId\":\"santosch492@gmail.com\"}','9Y2082/83','2082/83','APPROVED','bhattadipen33085@gmail.com',0),
  (1086,'GT 07871B','2025-07-27 00:00:00','NUTO-H-46','333',1,282.01,249,'{\"name\":\"Santosh Chaulagain\",\"staffId\":\"santosch492@gmail.com\"}','2025-07-29 18:16:13','2026-07-04 12:25:29','{\"name\":\"Santosh Chaulagain\",\"staffId\":\"santosch492@gmail.com\"}','11Y2082/83','2082/83','APPROVED','bhattadipen33085@gmail.com',0),
  (1246,'GT 07871B','2025-07-29 00:00:00','NUTO-H-46','328',1,282.01,248,'{\"name\":\"Santosh Chaulagain\",\"staffId\":\"santosch492@gmail.com\"}','2025-07-30 13:52:24','2026-07-04 12:25:29','{\"name\":\"Santosh Chaulagain\",\"staffId\":\"santosch492@gmail.com\"}','13Y2082/83','2082/83','APPROVED','bhattadipen33085@gmail.com',0),
  (1296,'GT 07871B','2025-07-30 00:00:00','NUTO-H-46','339',4,1128.04,244,'{\"name\":\"Santosh Chaulagain\",\"staffId\":\"santosch492@gmail.com\"}','2025-07-30 16:44:42','2026-07-04 12:25:29','{\"name\":\"Santosh Chaulagain\",\"staffId\":\"santosch492@gmail.com\"}','14Y2082/83','2082/83','APPROVED','bhattadipen33085@gmail.com',0),
  (1630,'GT 07871B','2025-08-01 00:00:00','NUTO-H-46','1704',10,2820.1,234,'{\"name\":\"purna Balami\",\"staffId\":\"purnabalami2019@gmail.com\"}','2025-08-01 13:52:48','2026-07-04 12:25:29','{\"name\":\"purna Balami\",\"staffId\":\"purnabalami2019@gmail.com\"}','16Y2082/83','2082/83','APPROVED','bhattadipen33085@gmail.com',0),
  (1640,'GT 07871B','2025-08-01 00:00:00','NUTO-H-46','1105',20,5640.2,214,'{\"name\":\"purna Balami\",\"staffId\":\"purnabalami2019@gmail.com\"}','2025-08-01 13:52:48','2026-07-04 12:25:29','{\"name\":\"purna Balami\",\"staffId\":\"purnabalami2019@gmail.com\"}','16Y2082/83','2082/83','APPROVED','bhattadipen33085@gmail.com',0),
  (1685,'GT 07871B','2025-08-02 00:00:00','NUTO-H-46','1233',1,282.01,213,'{\"name\":\"Nirmala Thapa\",\"staffId\":\"nirmalathapa901@gmail.com\"}','2025-08-02 11:17:13','2026-07-04 12:25:29','{\"name\":\"Nirmala Thapa\",\"staffId\":\"nirmalathapa901@gmail.com\"}','17Y2082/83','2082/83','APPROVED','bhattadipen33085@gmail.com',0),
  (1879,'GT 07871B','2025-08-04 00:00:00','NUTO-H-46','1509',10,2820.1,1253,'{\"name\":\"Nirmala Thapa\",\"staffId\":\"nirmalathapa901@gmail.com\"}','2025-08-04 06:20:17','2026-07-04 12:25:29','{\"name\":\"Nirmala Thapa\",\"staffId\":\"nirmalathapa901@gmail.com\"}','19Y2082/83','2082/83','APPROVED','bhattadipen33085@gmail.com',0),
  (1941,'GT 07871B','2025-08-05 00:00:00','NUTO-H-46','1511',10,2820.1,1243,'{\"name\":\"Nirmala Thapa\",\"staffId\":\"nirmalathapa901@gmail.com\"}','2025-08-05 04:48:43','2026-07-04 12:25:29','{\"name\":\"Nirmala Thapa\",\"staffId\":\"nirmalathapa901@gmail.com\"}','20Y2082/83','2082/83','APPROVED','bhattadipen33085@gmail.com',0),
  (2137,'GT 07871B','2025-08-08 00:00:00','NUTO-H-46','1708',5,1410.05,1238,'{\"name\":\"Nirmala Thapa\",\"staffId\":\"nirmalathapa901@gmail.com\"}','2025-08-08 04:49:54','2026-07-04 12:25:29','{\"name\":\"Nirmala Thapa\",\"staffId\":\"nirmalathapa901@gmail.com\"}','23Y2082/83','2082/83','APPROVED','bhattadipen33085@gmail.com',0),
  (2195,'GT 07871B','2025-08-08 00:00:00','NUTO-H-46','1511',20,5640.2,1218,'{\"name\":\"purna Balami\",\"staffId\":\"purnabalami2019@gmail.com\"}','2025-08-08 14:11:18','2026-07-04 12:25:29','{\"name\":\"purna Balami\",\"staffId\":\"purnabalami2019@gmail.com\"}','23Y2082/83','2082/83','APPROVED','bhattadipen33085@gmail.com',0),
  (2264,'GT 07871B','2025-08-10 00:00:00','NUTO-H-46','1704',10,2820.1,1208,'{\"name\":\"purna Balami\",\"staffId\":\"purnabalami2019@gmail.com\"}','2025-08-10 12:20:20','2026-07-04 12:25:29','{\"name\":\"purna Balami\",\"staffId\":\"purnabalami2019@gmail.com\"}','25Y2082/83','2082/83','APPROVED','bhattadipen33085@gmail.com',0),
  (2265,'GT 07871B','2025-08-10 00:00:00','NUTO-H-46','1708',10,2820.1,1198,'{\"name\":\"purna Balami\",\"staffId\":\"purnabalami2019@gmail.com\"}','2025-08-10 12:20:20','2026-07-04 12:25:29','{\"name\":\"purna Balami\",\"staffId\":\"purnabalami2019@gmail.com\"}','25Y2082/83','2082/83','APPROVED','bhattadipen33085@gmail.com',0),
  (2328,'GT 07871B','2025-08-11 00:00:00','NUTO-H-46','1511',5,1410.05,1193,'{\"name\":\"Nirmala Thapa\",\"staffId\":\"nirmalathapa901@gmail.com\"}','2025-08-11 05:04:48','2026-07-04 12:25:29','{\"name\":\"Nirmala Thapa\",\"staffId\":\"nirmalathapa901@gmail.com\"}','26Y2082/83','2082/83','APPROVED','bhattadipen33085@gmail.com',0),
  (2354,'GT 07871B','2025-08-11 00:00:00','NUTO-H-46','630',55,15510.5,1138,'{\"name\":\"purna Balami\",\"staffId\":\"purnabalami2019@gmail.com\"}','2025-08-11 12:47:28','2026-07-04 12:25:29','{\"name\":\"purna Balami\",\"staffId\":\"purnabalami2019@gmail.com\"}','26Y2082/83','2082/83','APPROVED','bhattadipen33085@gmail.com',0),
  (2365,'GT 07871B','2025-08-11 00:00:00','NUTO-H-46','627',55,15510.5,1083,'{\"name\":\"purna Balami\",\"staffId\":\"purnabalami2019@gmail.com\"}','2025-08-11 12:47:28','2026-07-04 12:25:29','{\"name\":\"purna Balami\",\"staffId\":\"purnabalami2019@gmail.com\"}','26Y2082/83','2082/83','APPROVED','bhattadipen33085@gmail.com',0),
  (2384,'GT 07871B','2025-08-11 00:00:00','NUTO-H-46','333',1,282.01,1082,'{\"name\":\"purna Balami\",\"staffId\":\"purnabalami2019@gmail.com\"}','2025-08-11 13:26:36','2026-07-04 12:25:29','{\"name\":\"purna Balami\",\"staffId\":\"purnabalami2019@gmail.com\"}','26Y2082/83','2082/83','APPROVED','bhattadipen33085@gmail.com',0),
  (2821,'GT 07871B','2025-08-17 00:00:00','NUTO-H-46','1511',10,2820.1,1072,'{\"name\":\"Anita KC\",\"staffId\":\"anitakc003@gmail.com\"}','2025-08-17 05:45:02','2026-07-04 12:25:29','{\"name\":\"Anita KC\",\"staffId\":\"anitakc003@gmail.com\"}','32Y2082/83','2082/83','APPROVED','bhattadipen33085@gmail.com',0),
  (2890,'GT 07871B','2025-08-18 00:00:00','NUTO-H-46','1102',5,1410.05,1067,'{\"name\":\"Nirmala Thapa\",\"staffId\":\"nirmalathapa901@gmail.com\"}','2025-08-18 05:14:37','2026-07-04 12:25:29','{\"name\":\"Nirmala Thapa\",\"staffId\":\"nirmalathapa901@gmail.com\"}','33Y2082/83','2082/83','APPROVED','bhattadipen33085@gmail.com',0),
  (3062,'GT 07871B','2025-08-20 00:00:00','NUTO-H-46','329',1,282.01,1066,'{\"name\":\"purna Balami\",\"staffId\":\"purnabalami2019@gmail.com\"}','2025-08-20 06:51:15','2026-07-04 12:25:29','{\"name\":\"purna Balami\",\"staffId\":\"purnabalami2019@gmail.com\"}','35Y2082/83','2082/83','APPROVED','bhattadipen33085@gmail.com',0),
  (3104,'GT 07871B','2025-08-20 00:00:00','NUTO-H-46','2108',4,1128.04,1062,'{\"name\":\"Santosh Chaulagain\",\"staffId\":\"santosch492@gmail.com\"}','2025-08-20 15:45:45','2026-07-04 12:25:29','{\"name\":\"Santosh Chaulagain\",\"staffId\":\"santosch492@gmail.com\"}','35Y2082/83','2082/83','APPROVED','bhattadipen33085@gmail.com',0),
  (3147,'GT 07871B','2025-08-21 00:00:00','NUTO-H-46','1704',15,4218.06,1047,'{\"name\":\"Debraj Timilsina\",\"staffId\":\"timilsinadebraj@gmail.com\"}','2025-08-21 05:32:24','2026-07-04 12:25:29','{\"name\":\"Debraj Timilsina\",\"staffId\":\"timilsinadebraj@gmail.com\"}','36Y2082/83','2082/83','APPROVED','bhattadipen33085@gmail.com',0),
  (3149,'GT 07871B','2025-08-21 00:00:00','NUTO-H-46','1708',10,2779.8,1037,'{\"name\":\"Debraj Timilsina\",\"staffId\":\"timilsinadebraj@gmail.com\"}','2025-08-21 05:43:03','2026-06-21 07:01:06','{\"name\":\"Debraj Timilsina\",\"staffId\":\"timilsinadebraj@gmail.com\"}','36Y2082/83','2082/83','APPROVED','bhattadipen33085@gmail.com',0),
  (3155,'GT 07871B','2025-08-21 00:00:00','NUTO-H-46','1509',10,2779.8,1027,'{\"name\":\"purna Balami\",\"staffId\":\"purnabalami2019@gmail.com\"}','2025-08-21 06:52:30','2026-06-21 07:01:06','{\"name\":\"purna Balami\",\"staffId\":\"purnabalami2019@gmail.com\"}','36Y2082/83','2082/83','APPROVED','bhattadipen33085@gmail.com',0),
  (3157,'GT 07871B','2025-08-21 00:00:00','NUTO-H-46','1509',10,2779.8,1017,'{\"name\":\"purna Balami\",\"staffId\":\"purnabalami2019@gmail.com\"}','2025-08-21 11:04:28','2026-06-21 07:01:06','{\"name\":\"purna Balami\",\"staffId\":\"purnabalami2019@gmail.com\"}','36Y2082/83','2082/83','APPROVED','bhattadipen33085@gmail.com',0),
  (3169,'GT 07871B','2025-08-21 00:00:00','NUTO-H-46','1507',142,39473.2,875,'{\"name\":\"Santosh Chaulagain\",\"staffId\":\"santosch492@gmail.com\"}','2025-08-21 15:58:07','2026-07-04 12:25:29','{\"name\":\"Santosh Chaulagain\",\"staffId\":\"santosch492@gmail.com\"}','36Y2082/83','2082/83','APPROVED','bhattadipen33085@gmail.com',0),
  (3279,'GT 07871B','2025-08-23 00:00:00','NUTO-H-46','1708',10,2779.8,865,'{\"name\":\"Nirmala Thapa\",\"staffId\":\"nirmalathapa901@gmail.com\"}','2025-08-23 05:50:11','2026-06-21 07:01:06','{\"name\":\"Nirmala Thapa\",\"staffId\":\"nirmalathapa901@gmail.com\"}','38Y2082/83','2082/83','APPROVED','bhattadipen33085@gmail.com',0),
  (3280,'GT 07871B','2025-08-23 00:00:00','NUTO-H-46','1509',10,2779.8,855,'{\"name\":\"Nirmala Thapa\",\"staffId\":\"nirmalathapa901@gmail.com\"}','2025-08-23 05:50:11','2026-06-21 07:01:06','{\"name\":\"Nirmala Thapa\",\"staffId\":\"nirmalathapa901@gmail.com\"}','38Y2082/83','2082/83','APPROVED','bhattadipen33085@gmail.com',0),
  (3334,'GT 07871B','2025-08-24 00:00:00','NUTO-H-46','333',1,277.98,854,'{\"name\":\"purna Balami\",\"staffId\":\"purnabalami2019@gmail.com\"}','2025-08-24 09:36:23','2026-06-21 07:01:06','{\"name\":\"purna Balami\",\"staffId\":\"purnabalami2019@gmail.com\"}','39Y2082/83','2082/83','APPROVED','bhattadipen33085@gmail.com',0),
  (3375,'GT 07871B','2025-08-24 00:00:00','NUTO-H-46','620',55,15288.9,799,'{\"name\":\"Santosh Chaulagain\",\"staffId\":\"santosch492@gmail.com\"}','2025-08-24 16:58:01','2026-06-21 07:01:06','{\"name\":\"Santosh Chaulagain\",\"staffId\":\"santosch492@gmail.com\"}','39Y2082/83','2082/83','APPROVED','bhattadipen33085@gmail.com',0),
  (3445,'GT 07871B','2025-08-25 00:00:00','NUTO-H-46','1509',210,58375.8,589,'{\"name\":\"purna Balami\",\"staffId\":\"purnabalami2019@gmail.com\"}','2025-08-25 12:17:19','2026-06-21 07:01:06','{\"name\":\"purna Balami\",\"staffId\":\"purnabalami2019@gmail.com\"}','40Y2082/83','2082/83','APPROVED','bhattadipen33085@gmail.com',0),
  (3480,'GT 07871B','2025-08-25 00:00:00','NUTO-H-46','1511',220,61155.6,369,'{\"name\":\"Santosh Chaulagain\",\"staffId\":\"santosch492@gmail.com\"}','2025-08-25 18:13:52','2026-06-21 07:01:06','{\"name\":\"Santosh Chaulagain\",\"staffId\":\"santosch492@gmail.com\"}','40Y2082/83','2082/83','APPROVED','bhattadipen33085@gmail.com',0),
  (3541,'GT 07871B','2025-08-27 00:00:00','NUTO-H-46','1107',5,1389.9,364,'{\"name\":\"Debraj Timilsina\",\"staffId\":\"timilsinadebraj@gmail.com\"}','2025-08-27 04:51:23','2026-06-21 07:01:06','{\"name\":\"Debraj Timilsina\",\"staffId\":\"timilsinadebraj@gmail.com\"}','42Y2082/83','2082/83','APPROVED','bhattadipen33085@gmail.com',0),
  (3876,'GT 07871B','2025-08-30 00:00:00','NUTO-H-46','424',5,1389.9,359,'{\"name\":\"Santosh Chaulagain\",\"staffId\":\"santosch492@gmail.com\"}','2025-08-30 16:30:47','2026-06-21 07:01:06','{\"name\":\"Santosh Chaulagain\",\"staffId\":\"santosch492@gmail.com\"}','45Y2082/83','2082/83','APPROVED','bhattadipen33085@gmail.com',0),
  (3927,'GT 07871B','2025-08-31 00:00:00','NUTO-H-46','506.2401.2402',12,3335.76,292,'{\"name\":\"purna Balami\",\"staffId\":\"purnabalami2019@gmail.com\"}','2025-08-31 06:40:44','2026-06-21 07:01:06','{\"name\":\"purna Balami\",\"staffId\":\"purnabalami2019@gmail.com\"}','46Y2082/83','2082/83','APPROVED','bhattadipen33085@gmail.com',0),
  (4146,'GT 07871B','2025-09-03 00:00:00','NUTO-H-46','1704',10,2779.8,207,'{\"name\":\"Debraj Timilsina\",\"staffId\":\"timilsinadebraj@gmail.com\"}','2025-09-03 10:28:48','2026-06-21 07:01:06','{\"name\":\"Debraj Timilsina\",\"staffId\":\"timilsinadebraj@gmail.com\"}','49Y2082/83','2082/83','APPROVED','bhattadipen33085@gmail.com',0),
  (4181,'GT 07871B','2025-09-03 00:00:00','NUTO-H-46','1704',10,2779.8,197,'{\"name\":\"Anita KC\",\"staffId\":\"anitakc003@gmail.com\"}','2025-09-04 03:08:04','2026-06-21 07:01:06','{\"name\":\"Anita KC\",\"staffId\":\"anitakc003@gmail.com\"}','49Y2082/83','2082/83','APPROVED','bhattadipen33085@gmail.com',0),
  (4280,'GT 07871B','2025-09-05 00:00:00','NUTO-H-46','1505',15,4169.7,182,'{\"name\":\"Nirmala Thapa\",\"staffId\":\"nirmalathapa901@gmail.com\"}','2025-09-05 05:39:38','2026-06-21 07:01:06','{\"name\":\"Nirmala Thapa\",\"staffId\":\"nirmalathapa901@gmail.com\"}','51Y2082/83','2082/83','APPROVED','bhattadipen33085@gmail.com',0),
  (4346,'GT 07871B','2025-09-05 00:00:00','NUTO-H-46','1505',2,555.96,180,'{\"name\":\"purna Balami\",\"staffId\":\"purnabalami2019@gmail.com\"}','2025-09-05 12:31:09','2026-06-21 07:01:06','{\"name\":\"purna Balami\",\"staffId\":\"purnabalami2019@gmail.com\"}','51Y2082/83','2082/83','APPROVED','bhattadipen33085@gmail.com',0),
  (4426,'GT 07871B','2025-09-07 00:00:00','NUTO-H-46','1511',10,2779.8,170,'{\"name\":\"Nirmala Thapa\",\"staffId\":\"nirmalathapa901@gmail.com\"}','2025-09-07 07:49:53','2026-06-21 07:01:06','{\"name\":\"Nirmala Thapa\",\"staffId\":\"nirmalathapa901@gmail.com\"}','53Y2082/83','2082/83','APPROVED','bhattadipen33085@gmail.com',0),
  (4456,'GT 07871B','2025-09-07 00:00:00','NUTO-H-46','436',60,16678.8,110,'{\"name\":\"Nirmala Thapa\",\"staffId\":\"nirmalathapa901@gmail.com\"}','2025-09-07 09:55:31','2026-06-21 07:01:06','{\"name\":\"Nirmala Thapa\",\"staffId\":\"nirmalathapa901@gmail.com\"}','53Y2082/83','2082/83','APPROVED','bhattadipen33085@gmail.com',0),
  (4484,'GT 07871B','2025-09-07 00:00:00','NUTO-H-46','1404',5,1389.9,105,'{\"name\":\"purna Balami\",\"staffId\":\"purnabalami2019@gmail.com\"}','2025-09-07 16:56:29','2026-06-21 07:01:06','{\"name\":\"purna Balami\",\"staffId\":\"purnabalami2019@gmail.com\"}','53Y2082/83','2082/83','APPROVED','bhattadipen33085@gmail.com',0),
  (4509,'GT 07871B','2025-09-08 00:00:00','NUTO-H-46','1510',10,2779.8,95,'{\"name\":\"Nirmala Thapa\",\"staffId\":\"nirmalathapa901@gmail.com\"}','2025-09-08 06:37:19','2026-06-21 07:01:06','{\"name\":\"Nirmala Thapa\",\"staffId\":\"nirmalathapa901@gmail.com\"}','54Y2082/83','2082/83','APPROVED','bhattadipen33085@gmail.com',0),
  (4510,'GT 07871B','2025-09-08 00:00:00','NUTO-H-46','1102',5,1389.9,90,'{\"name\":\"Nirmala Thapa\",\"staffId\":\"nirmalathapa901@gmail.com\"}','2025-09-08 06:37:19','2026-06-21 07:01:06','{\"name\":\"Nirmala Thapa\",\"staffId\":\"nirmalathapa901@gmail.com\"}','54Y2082/83','2082/83','APPROVED','bhattadipen33085@gmail.com',0),
  (4531,'GT 07871B','2025-09-08 00:00:00','NUTO-H-46','2112',1,277.98,89,'{\"name\":\"purna Balami\",\"staffId\":\"purnabalami2019@gmail.com\"}','2025-09-08 11:59:08','2026-06-21 07:01:06','{\"name\":\"purna Balami\",\"staffId\":\"purnabalami2019@gmail.com\"}','54Y2082/83','2082/83','APPROVED','bhattadipen33085@gmail.com',0),
  (4669,'GT 07871B','2025-09-12 00:00:00','NUTO-H-46','1404',10,2779.8,79,'{\"name\":\"Nirmala Thapa\",\"staffId\":\"nirmalathapa901@gmail.com\"}','2025-09-12 07:07:08','2026-06-21 07:01:06','{\"name\":\"Nirmala Thapa\",\"staffId\":\"nirmalathapa901@gmail.com\"}','58Y2082/83','2082/83','APPROVED','bhattadipen33085@gmail.com',0),
  (4706,'GT 07871B','2025-09-12 00:00:00','NUTO-H-46','435',55,15288.9,24,'{\"name\":\"purna Balami\",\"staffId\":\"purnabalami2019@gmail.com\"}','2025-09-12 13:36:51','2026-06-21 07:01:06','{\"name\":\"purna Balami\",\"staffId\":\"purnabalami2019@gmail.com\"}','58Y2082/83','2082/83','APPROVED','bhattadipen33085@gmail.com',0),
  (4707,'GT 07871B','2025-09-12 00:00:00','NUTO-H-46','434',55,6671.52,0,'{\"name\":\"purna Balami\",\"staffId\":\"purnabalami2019@gmail.com\"}','2025-09-12 13:36:51','2026-06-21 07:01:06','{\"name\":\"purna Balami\",\"staffId\":\"purnabalami2019@gmail.com\"}','58Y2082/83','2082/83','APPROVED','bhattadipen33085@gmail.com',0),
  (4708,'GT 07871B','2025-09-12 00:00:00','NUTO-H-46','437',55,0,0,'{\"name\":\"purna Balami\",\"staffId\":\"purnabalami2019@gmail.com\"}','2025-09-12 13:36:51','2026-06-21 07:01:06','{\"name\":\"purna Balami\",\"staffId\":\"purnabalami2019@gmail.com\"}','58Y2082/83','2082/83','APPROVED','bhattadipen33085@gmail.com',0),
  (4782,'GT 07871B','2025-09-13 00:00:00','NUTO-H-46','431',55,0,0,'{\"name\":\"Nirmala Thapa\",\"staffId\":\"nirmalathapa901@gmail.com\"}','2025-09-13 07:34:21','2026-06-21 07:01:06','{\"name\":\"Nirmala Thapa\",\"staffId\":\"nirmalathapa901@gmail.com\"}','59Y2082/83','2082/83','APPROVED','bhattadipen33085@gmail.com',0),
  (4783,'GT 07871B','2025-09-13 00:00:00','NUTO-H-46','432',55,0,0,'{\"name\":\"Nirmala Thapa\",\"staffId\":\"nirmalathapa901@gmail.com\"}','2025-09-13 07:34:21','2026-06-21 07:01:06','{\"name\":\"Nirmala Thapa\",\"staffId\":\"nirmalathapa901@gmail.com\"}','59Y2082/83','2082/83','APPROVED','bhattadipen33085@gmail.com',0),
  (4790,'GT 07871B','2025-09-13 00:00:00','NUTO-H-46','1704',10,0,0,'{\"name\":\"Nirmala Thapa\",\"staffId\":\"nirmalathapa901@gmail.com\"}','2025-09-13 11:43:16','2026-06-21 07:01:06','{\"name\":\"Nirmala Thapa\",\"staffId\":\"nirmalathapa901@gmail.com\"}','59Y2082/83','2082/83','APPROVED','bhattadipen33085@gmail.com',0),
  (4799,'GT 07871B','2025-09-13 00:00:00','NUTO-H-46','433',55,0,0,'{\"name\":\"purna Balami\",\"staffId\":\"purnabalami2019@gmail.com\"}','2025-09-13 13:16:32','2026-06-21 07:01:06','{\"name\":\"purna Balami\",\"staffId\":\"purnabalami2019@gmail.com\"}','59Y2082/83','2082/83','APPROVED','bhattadipen33085@gmail.com',0),
  (4917,'GT 07871B','2025-09-15 00:00:00','NUTO-H-46','1111',10,0,0,'{\"name\":\"Nirmala Thapa\",\"staffId\":\"nirmalathapa901@gmail.com\"}','2025-09-15 05:43:14','2026-06-21 07:01:06','{\"name\":\"Nirmala Thapa\",\"staffId\":\"nirmalathapa901@gmail.com\"}','61Y2082/83','2082/83','APPROVED','bhattadipen33085@gmail.com',0),
  (4967,'GT 07871B','2025-09-15 00:00:00','NUTO-H-46','1404',20,0,0,'{\"name\":\"purna Balami\",\"staffId\":\"purnabalami2019@gmail.com\"}','2025-09-15 12:32:53','2026-06-21 07:01:06','{\"name\":\"purna Balami\",\"staffId\":\"purnabalami2019@gmail.com\"}','61Y2082/83','2082/83','APPROVED','bhattadipen33085@gmail.com',0),
  (5198,'GT 07871B','2025-09-18 00:00:00','NUTO-H-46','1602',55,0,0,'{\"name\":\"Santosh Chaulagain\",\"staffId\":\"santosch492@gmail.com\"}','2025-09-18 16:36:06','2026-06-21 07:01:06','{\"name\":\"Santosh Chaulagain\",\"staffId\":\"santosch492@gmail.com\"}','64Y2082/83','2082/83','APPROVED','bhattadipen33085@gmail.com',0),
  (5260,'GT 07871B','2025-09-19 00:00:00','NUTO-H-46','442',55,0,0,'{\"name\":\"Santosh Chaulagain\",\"staffId\":\"santosch492@gmail.com\"}','2025-09-19 15:23:59','2026-06-21 07:01:06','{\"name\":\"Santosh Chaulagain\",\"staffId\":\"santosch492@gmail.com\"}','65Y2082/83','2082/83','APPROVED','bhattadipen33085@gmail.com',0),
  (5292,'GT 07871B','2025-09-20 00:00:00','NUTO-H-46','1105',10,0,0,'{\"name\":\"Nirmala Thapa\",\"staffId\":\"nirmalathapa901@gmail.com\"}','2025-09-20 07:41:36','2026-06-21 07:01:06','{\"name\":\"Nirmala Thapa\",\"staffId\":\"nirmalathapa901@gmail.com\"}','66Y2082/83','2082/83','APPROVED','bhattadipen33085@gmail.com',0),
  (5305,'GT 07871B','2025-09-20 00:00:00','NUTO-H-46','1508',10,0,0,'{\"name\":\"Nirmala Thapa\",\"staffId\":\"nirmalathapa901@gmail.com\"}','2025-09-20 07:57:26','2026-06-21 07:01:06','{\"name\":\"Nirmala Thapa\",\"staffId\":\"nirmalathapa901@gmail.com\"}','66Y2082/83','2082/83','APPROVED','bhattadipen33085@gmail.com',0),
  (5306,'GT 07871B','2025-09-20 00:00:00','NUTO-H-46','1511',10,0,0,'{\"name\":\"Nirmala Thapa\",\"staffId\":\"nirmalathapa901@gmail.com\"}','2025-09-20 07:57:26','2026-06-21 07:01:06','{\"name\":\"Nirmala Thapa\",\"staffId\":\"nirmalathapa901@gmail.com\"}','66Y2082/83','2082/83','APPROVED','bhattadipen33085@gmail.com',0),
  (5307,'GT 07871B','2025-09-20 00:00:00','NUTO-H-46','1705',5,0,0,'{\"name\":\"Nirmala Thapa\",\"staffId\":\"nirmalathapa901@gmail.com\"}','2025-09-20 07:57:26','2026-06-21 07:01:06','{\"name\":\"Nirmala Thapa\",\"staffId\":\"nirmalathapa901@gmail.com\"}','66Y2082/83','2082/83','APPROVED','bhattadipen33085@gmail.com',0),
  (5308,'GT 07871B','2025-09-20 00:00:00','NUTO-H-46','1708',5,0,0,'{\"name\":\"Nirmala Thapa\",\"staffId\":\"nirmalathapa901@gmail.com\"}','2025-09-20 07:57:26','2026-06-21 07:01:06','{\"name\":\"Nirmala Thapa\",\"staffId\":\"nirmalathapa901@gmail.com\"}','66Y2082/83','2082/83','APPROVED','bhattadipen33085@gmail.com',0),
  (5309,'GT 07871B','2025-09-20 00:00:00','NUTO-H-46','1509',5,0,0,'{\"name\":\"Nirmala Thapa\",\"staffId\":\"nirmalathapa901@gmail.com\"}','2025-09-20 07:57:26','2026-06-21 07:01:06','{\"name\":\"Nirmala Thapa\",\"staffId\":\"nirmalathapa901@gmail.com\"}','66Y2082/83','2082/83','APPROVED','bhattadipen33085@gmail.com',0),
  (5322,'GT 07871B','2025-09-20 00:00:00','NUTO-H-46','611',50,0,0,'{\"name\":\"Nirmala Thapa\",\"staffId\":\"nirmalathapa901@gmail.com\"}','2025-09-20 08:15:13','2026-06-21 07:01:06','{\"name\":\"Nirmala Thapa\",\"staffId\":\"nirmalathapa901@gmail.com\"}','66Y2082/83','2082/83','APPROVED','bhattadipen33085@gmail.com',0),
  (5511,'GT 07871B','2025-09-23 00:00:00','NUTO-H-46','1705',10,2779.8,464,'{\"name\":\"Debraj Timilsina\",\"staffId\":\"timilsinadebraj@gmail.com\"}','2025-09-23 06:10:23','2026-06-21 07:01:06','{\"name\":\"Debraj Timilsina\",\"staffId\":\"timilsinadebraj@gmail.com\"}','69Y2082/83','2082/83','APPROVED','bhattadipen33085@gmail.com',0),
  (5557,'GT 07871B','2025-09-23 00:00:00','NUTO-H-46','423',10,2779.8,454,'{\"name\":\"purna Balami\",\"staffId\":\"purnabalami2019@gmail.com\"}','2025-09-23 11:42:37','2026-06-21 07:01:06','{\"name\":\"purna Balami\",\"staffId\":\"purnabalami2019@gmail.com\"}','69Y2082/83','2082/83','APPROVED','bhattadipen33085@gmail.com',0),
  (5719,'GT 07871B','2025-08-30 00:00:00','NUTO-H-46','633',55,15288.9,304,'{\"name\":\"Anita KC\",\"staffId\":\"anitakc003@gmail.com\"}','2025-09-25 06:33:44','2026-06-21 07:01:06','{\"name\":\"Anita KC\",\"staffId\":\"anitakc003@gmail.com\"}','45Y2082/83','2082/83','APPROVED','bhattadipen33085@gmail.com',0),
  (5720,'GT 07871B','2025-08-31 00:00:00','NUTO-H-46','1505',20,5559.6,272,'{\"name\":\"Anita KC\",\"staffId\":\"anitakc003@gmail.com\"}','2025-09-25 06:35:23','2026-06-21 07:01:06','{\"name\":\"Anita KC\",\"staffId\":\"anitakc003@gmail.com\"}','46Y2082/83','2082/83','APPROVED','bhattadipen33085@gmail.com',0),
  (5721,'GT 07871B','2025-09-02 00:00:00','NUTO-H-46','628',55,15288.9,217,'{\"name\":\"Anita KC\",\"staffId\":\"anitakc003@gmail.com\"}','2025-09-25 06:42:43','2026-06-21 07:01:06','{\"name\":\"Anita KC\",\"staffId\":\"anitakc003@gmail.com\"}','48Y2082/83','2082/83','APPROVED','bhattadipen33085@gmail.com',0),
  (5722,'GT 07871B','2025-09-12 00:00:00','NUTO-H-46','629',55,0,0,'{\"name\":\"Anita KC\",\"staffId\":\"anitakc003@gmail.com\"}','2025-09-25 06:43:42','2026-06-21 07:01:06','{\"name\":\"Anita KC\",\"staffId\":\"anitakc003@gmail.com\"}','58Y2082/83','2082/83','APPROVED','bhattadipen33085@gmail.com',0),
  (5723,'GT 07871B','2025-09-12 00:00:00','NUTO-H-46','626',55,0,0,'{\"name\":\"Anita KC\",\"staffId\":\"anitakc003@gmail.com\"}','2025-09-25 06:43:42','2026-06-21 07:01:06','{\"name\":\"Anita KC\",\"staffId\":\"anitakc003@gmail.com\"}','58Y2082/83','2082/83','APPROVED','bhattadipen33085@gmail.com',0),
  (5747,'GT 07871B','2025-09-25 00:00:00','NUTO-H-46','427',20,5559.6,434,'{\"name\":\"Santosh Chaulagain\",\"staffId\":\"santosch492@gmail.com\"}','2025-09-25 14:13:35','2026-06-21 07:01:06','{\"name\":\"Santosh Chaulagain\",\"staffId\":\"santosch492@gmail.com\"}','71Y2082/83','2082/83','APPROVED','bhattadipen33085@gmail.com',0),
  (5760,'GT 07871B','2025-09-25 00:00:00','NUTO-H-46','334',1,277.98,433,'{\"name\":\"Santosh Chaulagain\",\"staffId\":\"santosch492@gmail.com\"}','2025-09-25 14:13:35','2026-06-21 07:01:06','{\"name\":\"Santosh Chaulagain\",\"staffId\":\"santosch492@gmail.com\"}','71Y2082/83','2082/83','APPROVED','bhattadipen33085@gmail.com',0),
  (5790,'GT 07871B','2025-09-26 00:00:00','NUTO-H-46','1404',3,833.94,430,'{\"name\":\"Santosh Chaulagain\",\"staffId\":\"santosch492@gmail.com\"}','2025-09-26 15:44:04','2026-06-21 07:01:06','{\"name\":\"Santosh Chaulagain\",\"staffId\":\"santosch492@gmail.com\"}','72Y2082/83','2082/83','APPROVED','bhattadipen33085@gmail.com',0),
  (5791,'GT 07871B','2025-09-26 00:00:00','NUTO-H-46','MGSEM',5,1389.9,425,'{\"name\":\"Santosh Chaulagain\",\"staffId\":\"santosch492@gmail.com\"}','2025-09-26 15:44:04','2026-06-21 07:01:06','{\"name\":\"Santosh Chaulagain\",\"staffId\":\"santosch492@gmail.com\"}','72Y2082/83','2082/83','APPROVED','bhattadipen33085@gmail.com',0),
  (5826,'GT 07871B','2025-09-26 00:00:00','NUTO-H-46','618',40,11119.2,385,'{\"name\":\"Santosh Chaulagain\",\"staffId\":\"santosch492@gmail.com\"}','2025-09-26 15:44:05','2026-06-21 07:01:06','{\"name\":\"Santosh Chaulagain\",\"staffId\":\"santosch492@gmail.com\"}','72Y2082/83','2082/83','APPROVED','bhattadipen33085@gmail.com',0),
  (5831,'GT 07871B','2025-09-26 00:00:00','NUTO-H-46','438',55,15288.9,330,'{\"name\":\"Santosh Chaulagain\",\"staffId\":\"santosch492@gmail.com\"}','2025-09-26 15:44:05','2026-06-21 07:01:06','{\"name\":\"Santosh Chaulagain\",\"staffId\":\"santosch492@gmail.com\"}','72Y2082/83','2082/83','APPROVED','bhattadipen33085@gmail.com',0),
  (5843,'GT 07871B','2025-09-26 00:00:00','NUTO-H-46','507',120,33357.6,210,'{\"name\":\"Santosh Chaulagain\",\"staffId\":\"santosch492@gmail.com\"}','2025-09-26 15:44:05','2026-06-21 07:01:06','{\"name\":\"Santosh Chaulagain\",\"staffId\":\"santosch492@gmail.com\"}','72Y2082/83','2082/83','APPROVED','bhattadipen33085@gmail.com',0),
  (5867,'GT 07871B','2025-09-19 00:00:00','NUTO-H-46','1512',180,0,0,'{\"name\":\"Santosh Chaulagain\",\"staffId\":\"santosch492@gmail.com\"}','2025-09-26 15:52:16','2026-06-21 07:01:06','{\"name\":\"Santosh Chaulagain\",\"staffId\":\"santosch492@gmail.com\"}','65Y2082/83','2082/83','APPROVED','bhattadipen33085@gmail.com',0),
  (5939,'GT 07871B','2025-09-27 00:00:00','NUTO-H-46','334',1,277.98,209,'{\"name\":\"purna Balami\",\"staffId\":\"purnabalami2019@gmail.com\"}','2025-09-27 12:33:03','2026-06-21 07:01:06','{\"name\":\"purna Balami\",\"staffId\":\"purnabalami2019@gmail.com\"}','73Y2082/83','2082/83','APPROVED','bhattadipen33085@gmail.com',0),
  (5951,'GT 07871B','2025-09-27 00:00:00','NUTO-H-46','439',55,15288.9,154,'{\"name\":\"Santosh Chaulagain\",\"staffId\":\"santosch492@gmail.com\"}','2025-09-27 13:28:27','2026-06-21 07:01:06','{\"name\":\"Santosh Chaulagain\",\"staffId\":\"santosch492@gmail.com\"}','73Y2082/83','2082/83','APPROVED','bhattadipen33085@gmail.com',0),
  (6005,'GT 07871B','2025-09-28 00:00:00','NUTO-H-46','428',55,15288.9,99,'{\"name\":\"purna Balami\",\"staffId\":\"purnabalami2019@gmail.com\"}','2025-09-28 08:48:38','2026-06-21 07:01:06','{\"name\":\"purna Balami\",\"staffId\":\"purnabalami2019@gmail.com\"}','74Y2082/83','2082/83','APPROVED','bhattadipen33085@gmail.com',0),
  (6030,'GT 07871B','2025-09-28 00:00:00','NUTO-H-46','441',55,15288.9,44,'{\"name\":\"Santosh Chaulagain\",\"staffId\":\"santosch492@gmail.com\"}','2025-09-28 17:53:02','2026-06-21 07:01:06','{\"name\":\"Santosh Chaulagain\",\"staffId\":\"santosch492@gmail.com\"}','74Y2082/83','2082/83','APPROVED','bhattadipen33085@gmail.com',0),
  (6118,'GT 07871B','2025-09-29 00:00:00','NUTO-H-46','329',2,555.96,42,'{\"name\":\"Santosh Chaulagain\",\"staffId\":\"santosch492@gmail.com\"}','2025-09-29 16:07:09','2026-06-21 07:01:06','{\"name\":\"Santosh Chaulagain\",\"staffId\":\"santosch492@gmail.com\"}','75Y2082/83','2082/83','APPROVED','bhattadipen33085@gmail.com',0),
  (6148,'GT 07871B','2025-09-30 00:00:00','NUTO-H-46','1704',10,2779.8,32,'{\"name\":\"Anita KC\",\"staffId\":\"anitakc003@gmail.com\"}','2025-09-30 04:55:59','2026-06-21 07:01:06','{\"name\":\"Anita KC\",\"staffId\":\"anitakc003@gmail.com\"}','76Y2082/83','2082/83','APPROVED','bhattadipen33085@gmail.com',0),
  (6149,'GT 07871B','2025-09-30 00:00:00','NUTO-H-46','1511',5,1389.9,27,'{\"name\":\"Anita KC\",\"staffId\":\"anitakc003@gmail.com\"}','2025-09-30 04:55:59','2026-06-21 07:01:06','{\"name\":\"Anita KC\",\"staffId\":\"anitakc003@gmail.com\"}','76Y2082/83','2082/83','APPROVED','bhattadipen33085@gmail.com',0),
  (6155,'GT 07871B','2025-09-30 00:00:00','NUTO-H-46','1511',10,2779.8,17,'{\"name\":\"Anita KC\",\"staffId\":\"anitakc003@gmail.com\"}','2025-09-30 05:32:57','2026-06-21 07:01:06','{\"name\":\"Anita KC\",\"staffId\":\"anitakc003@gmail.com\"}','76Y2082/83','2082/83','APPROVED','bhattadipen33085@gmail.com',0),
  (6156,'GT 07871B','2025-09-30 00:00:00','NUTO-H-46','1505',10,2779.8,7,'{\"name\":\"Anita KC\",\"staffId\":\"anitakc003@gmail.com\"}','2025-09-30 05:32:57','2026-06-21 07:01:06','{\"name\":\"Anita KC\",\"staffId\":\"anitakc003@gmail.com\"}','76Y2082/83','2082/83','APPROVED','bhattadipen33085@gmail.com',0),
  (6162,'GT 07871B','2025-09-30 00:00:00','NUTO-H-46','1111',10,2779.8,0,'{\"name\":\"Santosh Chaulagain\",\"staffId\":\"santosch492@gmail.com\"}','2025-09-30 16:28:21','2026-06-21 07:01:06','{\"name\":\"Santosh Chaulagain\",\"staffId\":\"santosch492@gmail.com\"}','76Y2082/83','2082/83','APPROVED','bhattadipen33085@gmail.com',0),
  (6173,'GT 07871B','2025-10-01 00:00:00','NUTO-H-46','1511',10,2779.8,0,'{\"name\":\"Santosh Chaulagain\",\"staffId\":\"santosch492@gmail.com\"}','2025-10-01 15:46:17','2026-06-21 07:01:06','{\"name\":\"Santosh Chaulagain\",\"staffId\":\"santosch492@gmail.com\"}','77Y2082/83','2082/83','APPROVED','bhattadipen33085@gmail.com',0),
  (6174,'GT 07871B','2025-10-01 00:00:00','NUTO-H-46','1510',10,2779.8,0,'{\"name\":\"Santosh Chaulagain\",\"staffId\":\"santosch492@gmail.com\"}','2025-10-01 15:46:17','2026-06-21 07:01:06','{\"name\":\"Santosh Chaulagain\",\"staffId\":\"santosch492@gmail.com\"}','77Y2082/83','2082/83','APPROVED','bhattadipen33085@gmail.com',0),
  (6230,'GT 07871B','2025-10-03 00:00:00','NUTO-H-46','1107',15,4169.7,0,'{\"name\":\"Santosh Chaulagain\",\"staffId\":\"santosch492@gmail.com\"}','2025-10-03 05:47:29','2026-06-21 07:01:06','{\"name\":\"Santosh Chaulagain\",\"staffId\":\"santosch492@gmail.com\"}','79Y2082/83','2082/83','APPROVED','bhattadipen33085@gmail.com',0),
  (6532,'GT 07871B','2025-10-08 00:00:00','NUTO-H-46','625',55,15288.9,0,'{\"name\":\"purna Balami\",\"staffId\":\"purnabalami2019@gmail.com\"}','2025-10-08 12:07:34','2026-06-21 07:01:06','{\"name\":\"purna Balami\",\"staffId\":\"purnabalami2019@gmail.com\"}','84Y2082/83','2082/83','APPROVED','bhattadipen33085@gmail.com',0),
  (6562,'GT 07871B','2025-10-09 00:00:00','NUTO-H-46','1704',20,5559.6,0,'{\"name\":\"Nirmala Thapa\",\"staffId\":\"nirmalathapa901@gmail.com\"}','2025-10-09 06:07:30','2026-06-21 07:01:06','{\"name\":\"Nirmala Thapa\",\"staffId\":\"nirmalathapa901@gmail.com\"}','85Y2082/83','2082/83','APPROVED','bhattadipen33085@gmail.com',0),
  (6611,'GT 07871B','2025-10-09 00:00:00','NUTO-H-46','1105',10,2779.8,0,'{\"name\":\"purna Balami\",\"staffId\":\"purnabalami2019@gmail.com\"}','2025-10-09 13:19:08','2026-06-21 07:01:06','{\"name\":\"purna Balami\",\"staffId\":\"purnabalami2019@gmail.com\"}','85Y2082/83','2082/83','APPROVED','bhattadipen33085@gmail.com',0),
  (6614,'GT 07871B','2025-10-09 00:00:00','NUTO-H-46','1706',110,30577.8,0,'{\"name\":\"purna Balami\",\"staffId\":\"purnabalami2019@gmail.com\"}','2025-10-09 13:19:08','2026-06-21 07:01:06','{\"name\":\"purna Balami\",\"staffId\":\"purnabalami2019@gmail.com\"}','85Y2082/83','2082/83','APPROVED','bhattadipen33085@gmail.com',0),
  (6661,'GT 07871B','2025-10-10 00:00:00','NUTO-H-46','1111',10,2779.8,0,'{\"name\":\"purna Balami\",\"staffId\":\"purnabalami2019@gmail.com\"}','2025-10-10 12:23:38','2026-06-21 07:01:06','{\"name\":\"purna Balami\",\"staffId\":\"purnabalami2019@gmail.com\"}','86Y2082/83','2082/83','APPROVED','bhattadipen33085@gmail.com',0),
  (6722,'GT 07871B','2025-10-11 00:00:00','NUTO-H-46','1105',20,5559.6,0,'{\"name\":\"Nirmala Thapa\",\"staffId\":\"nirmalathapa901@gmail.com\"}','2025-10-11 07:49:21','2026-06-21 07:01:06','{\"name\":\"Nirmala Thapa\",\"staffId\":\"nirmalathapa901@gmail.com\"}','87Y2082/83','2082/83','APPROVED','bhattadipen33085@gmail.com',0),
  (6725,'GT 07871B','2025-10-11 00:00:00','NUTO-H-46','1511',10,2779.8,0,'{\"name\":\"Nirmala Thapa\",\"staffId\":\"nirmalathapa901@gmail.com\"}','2025-10-11 07:49:21','2026-06-21 07:01:06','{\"name\":\"Nirmala Thapa\",\"staffId\":\"nirmalathapa901@gmail.com\"}','87Y2082/83','2082/83','APPROVED','bhattadipen33085@gmail.com',0),
  (6789,'GT 07871B','2025-10-12 00:00:00','NUTO-H-46','1404',5,1389.9,0,'{\"name\":\"Debraj Timilsina\",\"staffId\":\"timilsinadebraj@gmail.com\"}','2025-10-12 05:53:04','2026-06-21 07:01:06','{\"name\":\"Debraj Timilsina\",\"staffId\":\"timilsinadebraj@gmail.com\"}','88Y2082/83','2082/83','APPROVED','bhattadipen33085@gmail.com',0),
  (6862,'GT 07871B','2025-10-13 00:00:00','NUTO-H-46','1704',10,2779.8,0,'{\"name\":\"Nirmala Thapa\",\"staffId\":\"nirmalathapa901@gmail.com\"}','2025-10-13 09:47:47','2026-06-21 07:01:06','{\"name\":\"Nirmala Thapa\",\"staffId\":\"nirmalathapa901@gmail.com\"}','89Y2082/83','2082/83','APPROVED','bhattadipen33085@gmail.com',0),
  (6955,'GT 07871B','2025-10-14 00:00:00','NUTO-H-46','343',2,555.96,0,'{\"name\":\"Debraj Timilsina\",\"staffId\":\"timilsinadebraj@gmail.com\"}','2025-10-14 11:15:45','2026-06-21 07:01:06','{\"name\":\"Debraj Timilsina\",\"staffId\":\"timilsinadebraj@gmail.com\"}','90Y2082/83','2082/83','APPROVED','bhattadipen33085@gmail.com',0),
  (7092,'GT 07871B','2025-10-16 00:00:00','NUTO-H-46','1704',10,2779.8,0,'{\"name\":\"purna Balami\",\"staffId\":\"purnabalami2019@gmail.com\"}','2025-10-16 12:01:37','2026-06-21 07:01:06','{\"name\":\"purna Balami\",\"staffId\":\"purnabalami2019@gmail.com\"}','92Y2082/83','2082/83','APPROVED','bhattadipen33085@gmail.com',0),
  (7198,'GT 07871B','2025-10-17 00:00:00','NUTO-H-46','1111',10,2779.8,0,'{\"name\":\"purna Balami\",\"staffId\":\"purnabalami2019@gmail.com\"}','2025-10-17 12:36:40','2026-06-21 07:01:06','{\"name\":\"purna Balami\",\"staffId\":\"purnabalami2019@gmail.com\"}','93Y2082/83','2082/83','APPROVED','bhattadipen33085@gmail.com',0),
  (7252,'GT 07871B','2025-10-17 00:00:00','NUTO-H-46','428',70,19458.6,0,'{\"name\":\"purna Balami\",\"staffId\":\"purnabalami2019@gmail.com\"}','2025-10-17 13:01:04','2026-06-21 07:01:06','{\"name\":\"purna Balami\",\"staffId\":\"purnabalami2019@gmail.com\"}','93Y2082/83','2082/83','APPROVED','bhattadipen33085@gmail.com',0),
  (7315,'GT 07871B','2025-10-18 00:00:00','NUTO-H-46','634',10,2779.8,0,'{\"name\":\"Santosh Chaulagain\",\"staffId\":\"santosch492@gmail.com\"}','2025-10-18 13:38:16','2026-06-21 07:01:06','{\"name\":\"Santosh Chaulagain\",\"staffId\":\"santosch492@gmail.com\"}','94Y2082/83','2082/83','APPROVED','bhattadipen33085@gmail.com',0),
  (7413,'GT 07871B','2025-10-19 00:00:00','NUTO-H-46','2112',4,1111.92,0,'{\"name\":\"Santosh Chaulagain\",\"staffId\":\"santosch492@gmail.com\"}','2025-10-19 14:39:09','2026-06-21 07:01:06','{\"name\":\"Santosh Chaulagain\",\"staffId\":\"santosch492@gmail.com\"}','95Y2082/83','2082/83','APPROVED','bhattadipen33085@gmail.com',0),
  (7457,'GT 07871B','2025-10-19 00:00:00','NUTO-H-46','1704',20,5559.6,0,'{\"name\":\"Santosh Chaulagain\",\"staffId\":\"santosch492@gmail.com\"}','2025-10-19 16:12:35','2026-06-21 07:01:06','{\"name\":\"Santosh Chaulagain\",\"staffId\":\"santosch492@gmail.com\"}','95Y2082/83','2082/83','APPROVED','bhattadipen33085@gmail.com',0),
  (7575,'GT 07871B','2025-10-22 00:00:00','NUTO-H-46','1704',6,1667.88,0,'{\"name\":\"Anita KC\",\"staffId\":\"anitakc003@gmail.com\"}','2025-10-22 11:34:03','2026-06-21 07:01:06','{\"name\":\"Anita KC\",\"staffId\":\"anitakc003@gmail.com\"}','98Y2082/83','2082/83','APPROVED','bhattadipen33085@gmail.com',0),
  (8083,'GT 07871B','2025-10-31 00:00:00','NUTO-H-46','343',12,3335.76,828,'{\"name\":\"Santosh Chaulagain\",\"staffId\":\"santosch492@gmail.com\"}','2025-10-31 16:33:19','2026-06-21 07:01:06','{\"name\":\"Santosh Chaulagain\",\"staffId\":\"santosch492@gmail.com\"}','107Y2082/83','2082/83','APPROVED','bhattadipen33085@gmail.com',0),
  (8146,'GT 07871B','2025-11-01 00:00:00','NUTO-H-46','623',60,16678.8,768,'{\"name\":\"Santosh Chaulagain\",\"staffId\":\"santosch492@gmail.com\"}','2025-11-01 15:17:35','2026-06-21 07:01:06','{\"name\":\"Santosh Chaulagain\",\"staffId\":\"santosch492@gmail.com\"}','108Y2082/83','2082/83','APPROVED','bhattadipen33085@gmail.com',0),
  (8170,'GT 07871B','2025-11-02 00:00:00','NUTO-H-46','1704',10,2779.8,758,'{\"name\":\"purna Balami\",\"staffId\":\"purnabalami2019@gmail.com\"}','2025-11-02 11:55:20','2026-06-21 07:01:06','{\"name\":\"purna Balami\",\"staffId\":\"purnabalami2019@gmail.com\"}','109Y2082/83','2082/83','APPROVED','bhattadipen33085@gmail.com',0),
  (8171,'GT 07871B','2025-11-02 00:00:00','NUTO-H-46','1706',10,2779.8,748,'{\"name\":\"purna Balami\",\"staffId\":\"purnabalami2019@gmail.com\"}','2025-11-02 11:55:20','2026-06-21 07:01:06','{\"name\":\"purna Balami\",\"staffId\":\"purnabalami2019@gmail.com\"}','109Y2082/83','2082/83','APPROVED','bhattadipen33085@gmail.com',0),
  (8172,'GT 07871B','2025-11-02 00:00:00','NUTO-H-46','1507',10,2779.8,738,'{\"name\":\"purna Balami\",\"staffId\":\"purnabalami2019@gmail.com\"}','2025-11-02 11:55:20','2026-06-21 07:01:06','{\"name\":\"purna Balami\",\"staffId\":\"purnabalami2019@gmail.com\"}','109Y2082/83','2082/83','APPROVED','bhattadipen33085@gmail.com',0),
  (8173,'GT 07871B','2025-11-02 00:00:00','NUTO-H-46','204',10,2779.8,728,'{\"name\":\"purna Balami\",\"staffId\":\"purnabalami2019@gmail.com\"}','2025-11-02 11:55:20','2026-06-21 07:01:06','{\"name\":\"purna Balami\",\"staffId\":\"purnabalami2019@gmail.com\"}','109Y2082/83','2082/83','APPROVED','bhattadipen33085@gmail.com',0),
  (8175,'GT 07871B','2025-11-02 00:00:00','NUTO-H-46','1708',10,2779.8,718,'{\"name\":\"purna Balami\",\"staffId\":\"purnabalami2019@gmail.com\"}','2025-11-02 11:55:20','2026-06-21 07:01:06','{\"name\":\"purna Balami\",\"staffId\":\"purnabalami2019@gmail.com\"}','109Y2082/83','2082/83','APPROVED','bhattadipen33085@gmail.com',0),
  (8260,'GT 07871B','2025-11-03 00:00:00','NUTO-H-46','441',10,2779.8,708,'{\"name\":\"purna Balami\",\"staffId\":\"purnabalami2019@gmail.com\"}','2025-11-03 12:03:35','2026-06-21 07:01:06','{\"name\":\"purna Balami\",\"staffId\":\"purnabalami2019@gmail.com\"}','110Y2082/83','2082/83','APPROVED','bhattadipen33085@gmail.com',0),
  (8324,'GT 07871B','2025-11-03 00:00:00','NUTO-H-46','619',55,15288.9,653,'{\"name\":\"purna Balami\",\"staffId\":\"purnabalami2019@gmail.com\"}','2025-11-03 13:08:06','2026-06-21 07:01:06','{\"name\":\"purna Balami\",\"staffId\":\"purnabalami2019@gmail.com\"}','110Y2082/83','2082/83','APPROVED','bhattadipen33085@gmail.com',0),
  (8555,'GT 07871B','2025-11-06 00:00:00','NUTO-H-46','1704',25,6949.5,628,'{\"name\":\"purna Balami\",\"staffId\":\"purnabalami2019@gmail.com\"}','2025-11-06 12:22:57','2026-06-21 07:01:06','{\"name\":\"purna Balami\",\"staffId\":\"purnabalami2019@gmail.com\"}','113Y2082/83','2082/83','APPROVED','bhattadipen33085@gmail.com',0),
  (8672,'GT 07871B','2025-11-07 00:00:00','NUTO-H-46','1508',5,1389.9,623,'{\"name\":\"purna Balami\",\"staffId\":\"purnabalami2019@gmail.com\"}','2025-11-07 13:21:16','2026-06-21 07:01:06','{\"name\":\"purna Balami\",\"staffId\":\"purnabalami2019@gmail.com\"}','114Y2082/83','2082/83','APPROVED','bhattadipen33085@gmail.com',0),
  (8722,'GT 07871B','2025-11-08 00:00:00','NUTO-H-46','2402',10,2779.8,613,'{\"name\":\"Debraj Timilsina\",\"staffId\":\"timilsinadebraj@gmail.com\"}','2025-11-08 06:44:47','2026-06-21 07:01:06','{\"name\":\"Debraj Timilsina\",\"staffId\":\"timilsinadebraj@gmail.com\"}','115Y2082/83','2082/83','APPROVED','bhattadipen33085@gmail.com',0),
  (8846,'GT 07871B','2025-11-09 00:00:00','NUTO-H-46','619',60,16678.8,553,'{\"name\":\"purna Balami\",\"staffId\":\"purnabalami2019@gmail.com\"}','2025-11-09 13:28:01','2026-06-21 07:01:06','{\"name\":\"purna Balami\",\"staffId\":\"purnabalami2019@gmail.com\"}','116Y2082/83','2082/83','APPROVED','bhattadipen33085@gmail.com',0),
  (8876,'GT 07871B','2025-11-10 00:00:00','NUTO-H-46','1511',10,2779.8,543,'{\"name\":\"Debraj Timilsina\",\"staffId\":\"timilsinadebraj@gmail.com\"}','2025-11-10 05:16:41','2026-06-21 07:01:06','{\"name\":\"Debraj Timilsina\",\"staffId\":\"timilsinadebraj@gmail.com\"}','117Y2082/83','2082/83','APPROVED','bhattadipen33085@gmail.com',0),
  (8877,'GT 07871B','2025-11-10 00:00:00','NUTO-H-46','1507',10,2779.8,533,'{\"name\":\"Debraj Timilsina\",\"staffId\":\"timilsinadebraj@gmail.com\"}','2025-11-10 05:16:41','2026-06-21 07:01:06','{\"name\":\"Debraj Timilsina\",\"staffId\":\"timilsinadebraj@gmail.com\"}','117Y2082/83','2082/83','APPROVED','bhattadipen33085@gmail.com',0),
  (8956,'GT 07871B','2025-11-10 00:00:00','NUTO-H-46','328',5,1389.9,528,'{\"name\":\"purna Balami\",\"staffId\":\"purnabalami2019@gmail.com\"}','2025-11-10 13:26:40','2026-06-21 07:01:06','{\"name\":\"purna Balami\",\"staffId\":\"purnabalami2019@gmail.com\"}','117Y2082/83','2082/83','APPROVED','bhattadipen33085@gmail.com',0),
  (8964,'GT 07871B','2025-11-10 00:00:00','NUTO-H-46','633',75,20848.5,453,'{\"name\":\"purna Balami\",\"staffId\":\"purnabalami2019@gmail.com\"}','2025-11-10 13:26:40','2026-06-21 07:01:06','{\"name\":\"purna Balami\",\"staffId\":\"purnabalami2019@gmail.com\"}','117Y2082/83','2082/83','APPROVED','bhattadipen33085@gmail.com',0),
  (9007,'GT 07871B','2025-11-11 00:00:00','NUTO-H-46','1510',10,2779.8,443,'{\"name\":\"Debraj Timilsina\",\"staffId\":\"timilsinadebraj@gmail.com\"}','2025-11-11 06:38:13','2026-06-21 07:01:06','{\"name\":\"Debraj Timilsina\",\"staffId\":\"timilsinadebraj@gmail.com\"}','118Y2082/83','2082/83','APPROVED','bhattadipen33085@gmail.com',0),
  (9026,'GT 07871B','2025-11-11 00:00:00','NUTO-H-46','1111',10,2779.8,433,'{\"name\":\"Debraj Timilsina\",\"staffId\":\"timilsinadebraj@gmail.com\"}','2025-11-11 09:53:00','2026-06-21 07:01:06','{\"name\":\"Debraj Timilsina\",\"staffId\":\"timilsinadebraj@gmail.com\"}','118Y2082/83','2082/83','APPROVED','bhattadipen33085@gmail.com',0),
  (9046,'GT 07871B','2025-11-11 00:00:00','NUTO-H-46','1107',5,1389.9,428,'{\"name\":\"Debraj Timilsina\",\"staffId\":\"timilsinadebraj@gmail.com\"}','2025-11-11 10:54:55','2026-06-21 07:01:06','{\"name\":\"Debraj Timilsina\",\"staffId\":\"timilsinadebraj@gmail.com\"}','118Y2082/83','2082/83','APPROVED','bhattadipen33085@gmail.com',0),
  (9050,'GT 07871B','2025-11-11 00:00:00','NUTO-H-46','1706',60,16678.8,368,'{\"name\":\"Debraj Timilsina\",\"staffId\":\"timilsinadebraj@gmail.com\"}','2025-11-11 10:59:29','2026-06-21 07:01:06','{\"name\":\"Debraj Timilsina\",\"staffId\":\"timilsinadebraj@gmail.com\"}','118Y2082/83','2082/83','APPROVED','bhattadipen33085@gmail.com',0),
  (9051,'GT 07871B','2025-11-11 00:00:00','NUTO-H-46','1706',10,2779.8,358,'{\"name\":\"purna Balami\",\"staffId\":\"purnabalami2019@gmail.com\"}','2025-11-11 11:23:14','2026-06-21 07:01:06','{\"name\":\"purna Balami\",\"staffId\":\"purnabalami2019@gmail.com\"}','118Y2082/83','2082/83','APPROVED','bhattadipen33085@gmail.com',0),
  (9243,'GT 07871B','2025-11-13 00:00:00','NUTO-H-46','618',60,16678.8,298,'{\"name\":\"Debraj Timilsina\",\"staffId\":\"timilsinadebraj@gmail.com\"}','2025-11-13 10:46:39','2026-06-21 07:01:06','{\"name\":\"Debraj Timilsina\",\"staffId\":\"timilsinadebraj@gmail.com\"}','120Y2082/83','2082/83','APPROVED','bhattadipen33085@gmail.com',0),
  (9487,'GT 07871B','2025-11-15 00:00:00','NUTO-H-46','609',40,11119.2,258,'{\"name\":\"purna Balami\",\"staffId\":\"purnabalami2019@gmail.com\"}','2025-11-15 11:59:26','2026-06-21 07:01:06','{\"name\":\"purna Balami\",\"staffId\":\"purnabalami2019@gmail.com\"}','122Y2082/83','2082/83','APPROVED','bhattadipen33085@gmail.com',0),
  (9623,'GT 07871B','2025-11-17 00:00:00','NUTO-H-46','342',2,555.96,216,'{\"name\":\"Santosh Chaulagain\",\"staffId\":\"santosch492@gmail.com\"}','2025-11-17 15:24:00','2026-06-21 07:01:06','{\"name\":\"Santosh Chaulagain\",\"staffId\":\"santosch492@gmail.com\"}','124Y2082/83','2082/83','APPROVED','bhattadipen33085@gmail.com',0),
  (9687,'GT 07871B','2025-11-15 00:00:00','NUTO-H-46','609',40,11119.2,218,'{\"name\":\"Anita KC\",\"staffId\":\"anitakc003@gmail.com\"}','2025-11-18 10:34:42','2026-06-21 07:01:06','{\"name\":\"Anita KC\",\"staffId\":\"anitakc003@gmail.com\"}','122Y2082/83','2082/83','APPROVED','bhattadipen33085@gmail.com',0),
  (9785,'GT 07871B','2025-11-19 00:00:00','NUTO-H-46','1704',5,1389.9,211,'{\"name\":\"Debraj Timilsina\",\"staffId\":\"timilsinadebraj@gmail.com\"}','2025-11-19 04:53:26','2026-06-21 07:01:06','{\"name\":\"Debraj Timilsina\",\"staffId\":\"timilsinadebraj@gmail.com\"}','126Y2082/83','2082/83','APPROVED','bhattadipen33085@gmail.com',0),
  (9948,'GT 07871B','2025-11-20 00:00:00','NUTO-H-46','1704',15,4169.7,196,'{\"name\":\"Santosh Chaulagain\",\"staffId\":\"santosch492@gmail.com\"}','2025-11-20 16:49:11','2026-06-21 07:01:06','{\"name\":\"Santosh Chaulagain\",\"staffId\":\"santosch492@gmail.com\"}','127Y2082/83','2082/83','APPROVED','bhattadipen33085@gmail.com',0),
  (9978,'GT 07871B','2025-11-20 00:00:00','NUTO-H-46','1107',10,2779.8,186,'{\"name\":\"Santosh Chaulagain\",\"staffId\":\"santosch492@gmail.com\"}','2025-11-20 16:49:12','2026-06-21 07:01:06','{\"name\":\"Santosh Chaulagain\",\"staffId\":\"santosch492@gmail.com\"}','127Y2082/83','2082/83','APPROVED','bhattadipen33085@gmail.com',0),
  (9985,'GT 07871B','2025-11-20 00:00:00','NUTO-H-46','1510',120,33357.6,66,'{\"name\":\"Santosh Chaulagain\",\"staffId\":\"santosch492@gmail.com\"}','2025-11-20 16:49:12','2026-06-21 07:01:06','{\"name\":\"Santosh Chaulagain\",\"staffId\":\"santosch492@gmail.com\"}','127Y2082/83','2082/83','APPROVED','bhattadipen33085@gmail.com',0),
  (10016,'GT 07871B','2025-11-21 00:00:00','NUTO-H-46','1704',10,2779.8,56,'{\"name\":\"Debraj Timilsina\",\"staffId\":\"timilsinadebraj@gmail.com\"}','2025-11-21 05:13:10','2026-06-21 07:01:06','{\"name\":\"Debraj Timilsina\",\"staffId\":\"timilsinadebraj@gmail.com\"}','128Y2082/83','2082/83','APPROVED','bhattadipen33085@gmail.com',0),
  (10017,'GT 07871B','2025-11-21 00:00:00','NUTO-H-46','1706',20,5559.6,36,'{\"name\":\"Debraj Timilsina\",\"staffId\":\"timilsinadebraj@gmail.com\"}','2025-11-21 05:13:10','2026-06-21 07:01:06','{\"name\":\"Debraj Timilsina\",\"staffId\":\"timilsinadebraj@gmail.com\"}','128Y2082/83','2082/83','APPROVED','bhattadipen33085@gmail.com',0),
  (10096,'GT 07871B','2025-11-22 00:00:00','NUTO-H-46','1105',10,2779.8,26,'{\"name\":\"Santosh Chaulagain\",\"staffId\":\"santosch492@gmail.com\"}','2025-11-22 13:52:57','2026-06-21 07:01:06','{\"name\":\"Santosh Chaulagain\",\"staffId\":\"santosch492@gmail.com\"}','129Y2082/83','2082/83','APPROVED','bhattadipen33085@gmail.com',0),
  (10097,'GT 07871B','2025-11-22 00:00:00','NUTO-H-46','1704',20,5559.6,6,'{\"name\":\"Santosh Chaulagain\",\"staffId\":\"santosch492@gmail.com\"}','2025-11-22 13:52:57','2026-06-21 07:01:06','{\"name\":\"Santosh Chaulagain\",\"staffId\":\"santosch492@gmail.com\"}','129Y2082/83','2082/83','APPROVED','bhattadipen33085@gmail.com',0),
  (10224,'GT 07871B','2025-11-23 00:00:00','NUTO-H-46','1511',5,1389.9,1,'{\"name\":\"Nirmala Thapa\",\"staffId\":\"nirmalathapa901@gmail.com\"}','2025-11-23 08:08:37','2026-06-21 07:01:06','{\"name\":\"Nirmala Thapa\",\"staffId\":\"nirmalathapa901@gmail.com\"}','130Y2082/83','2082/83','APPROVED','bhattadipen33085@gmail.com',0),
  (10225,'GT 07871B','2025-11-23 00:00:00','NUTO-H-46','1708',5,1389.9,0,'{\"name\":\"Nirmala Thapa\",\"staffId\":\"nirmalathapa901@gmail.com\"}','2025-11-23 08:08:37','2026-06-21 07:01:06','{\"name\":\"Nirmala Thapa\",\"staffId\":\"nirmalathapa901@gmail.com\"}','130Y2082/83','2082/83','APPROVED','bhattadipen33085@gmail.com',0),
  (10385,'GT 07871B','2025-11-24 00:00:00','NUTO-H-46','204',10,2779.8,0,'{\"name\":\"Nirmala Thapa\",\"staffId\":\"nirmalathapa901@gmail.com\"}','2025-11-24 09:37:48','2026-06-21 07:01:06','{\"name\":\"Nirmala Thapa\",\"staffId\":\"nirmalathapa901@gmail.com\"}','131Y2082/83','2082/83','APPROVED','bhattadipen33085@gmail.com',0),
  (10439,'GT 07871B','2025-11-25 00:00:00','NUTO-H-46','204',10,2779.8,0,'{\"name\":\"purna Balami\",\"staffId\":\"purnabalami2019@gmail.com\"}','2025-11-25 08:01:38','2026-06-21 07:01:06','{\"name\":\"purna Balami\",\"staffId\":\"purnabalami2019@gmail.com\"}','132Y2082/83','2082/83','APPROVED','bhattadipen33085@gmail.com',0),
  (10533,'GT 07871B','2025-11-26 00:00:00','NUTO-H-46','1507',10,2779.8,0,'{\"name\":\"Debraj Timilsina\",\"staffId\":\"timilsinadebraj@gmail.com\"}','2025-11-26 05:12:20','2026-06-21 07:01:06','{\"name\":\"Debraj Timilsina\",\"staffId\":\"timilsinadebraj@gmail.com\"}','133Y2082/83','2082/83','APPROVED','bhattadipen33085@gmail.com',0),
  (10575,'GT 07871B','2025-11-26 00:00:00','NUTO-H-46','2402',3,833.94,0,'{\"name\":\"purna Balami\",\"staffId\":\"purnabalami2019@gmail.com\"}','2025-11-26 11:32:50','2026-06-21 07:01:06','{\"name\":\"purna Balami\",\"staffId\":\"purnabalami2019@gmail.com\"}','133Y2082/83','2082/83','APPROVED','bhattadipen33085@gmail.com',0),
  (10653,'GT 07871B','2025-11-27 00:00:00','NUTO-H-46','1508',10,2779.8,0,'{\"name\":\"Santosh Chaulagain\",\"staffId\":\"santosch492@gmail.com\"}','2025-11-27 11:52:52','2026-06-21 07:01:06','{\"name\":\"Santosh Chaulagain\",\"staffId\":\"santosch492@gmail.com\"}','134Y2082/83','2082/83','APPROVED','bhattadipen33085@gmail.com',0),
  (10736,'GT 07871B','2025-11-28 00:00:00','NUTO-H-46','1511',10,2779.8,0,'{\"name\":\"Nirmala Thapa\",\"staffId\":\"nirmalathapa901@gmail.com\"}','2025-11-28 07:09:43','2026-06-21 07:01:06','{\"name\":\"Nirmala Thapa\",\"staffId\":\"nirmalathapa901@gmail.com\"}','135Y2082/83','2082/83','APPROVED','bhattadipen33085@gmail.com',0),
  (10890,'GT 07871B','2025-11-29 00:00:00','NUTO-H-46','1706',30,8339.4,0,'{\"name\":\"Nirmala Thapa\",\"staffId\":\"nirmalathapa901@gmail.com\"}','2025-11-29 10:14:32','2026-06-21 07:01:06','{\"name\":\"Nirmala Thapa\",\"staffId\":\"nirmalathapa901@gmail.com\"}','136Y2082/83','2082/83','APPROVED','bhattadipen33085@gmail.com',0),
  (11024,'GT 07871B','2025-12-01 00:00:00','NUTO-H-46','1511',10,2779.8,0,'{\"name\":\"Debraj Timilsina\",\"staffId\":\"timilsinadebraj@gmail.com\"}','2025-12-01 05:14:48','2026-06-21 07:01:06','{\"name\":\"Debraj Timilsina\",\"staffId\":\"timilsinadebraj@gmail.com\"}','138Y2082/83','2082/83','APPROVED','bhattadipen33085@gmail.com',0),
  (11025,'GT 07871B','2025-12-01 00:00:00','NUTO-H-46','1704',5,1389.9,0,'{\"name\":\"Debraj Timilsina\",\"staffId\":\"timilsinadebraj@gmail.com\"}','2025-12-01 05:14:48','2026-06-21 07:01:06','{\"name\":\"Debraj Timilsina\",\"staffId\":\"timilsinadebraj@gmail.com\"}','138Y2082/83','2082/83','APPROVED','bhattadipen33085@gmail.com',0),
  (11126,'GT 07871B','2025-12-02 00:00:00','NUTO-H-46','623',2,555.96,0,'{\"name\":\"Debraj Timilsina\",\"staffId\":\"timilsinadebraj@gmail.com\"}','2025-12-02 06:05:58','2026-06-21 07:01:06','{\"name\":\"Debraj Timilsina\",\"staffId\":\"timilsinadebraj@gmail.com\"}','139Y2082/83','2082/83','APPROVED','bhattadipen33085@gmail.com',0),
  (11127,'GT 07871B','2025-12-02 00:00:00','NUTO-H-46','1706',10,2779.8,0,'{\"name\":\"Debraj Timilsina\",\"staffId\":\"timilsinadebraj@gmail.com\"}','2025-12-02 06:05:59','2026-06-21 07:01:06','{\"name\":\"Debraj Timilsina\",\"staffId\":\"timilsinadebraj@gmail.com\"}','139Y2082/83','2082/83','APPROVED','bhattadipen33085@gmail.com',0),
  (11128,'GT 07871B','2025-12-02 00:00:00','NUTO-H-46','1704',5,1389.9,0,'{\"name\":\"Debraj Timilsina\",\"staffId\":\"timilsinadebraj@gmail.com\"}','2025-12-02 06:05:59','2026-06-21 07:01:06','{\"name\":\"Debraj Timilsina\",\"staffId\":\"timilsinadebraj@gmail.com\"}','139Y2082/83','2082/83','APPROVED','bhattadipen33085@gmail.com',0),
  (11220,'GT 07871B','2025-12-02 00:00:00','NUTO-H-46','334',1,277.98,0,'{\"name\":\"purna Balami\",\"staffId\":\"purnabalami2019@gmail.com\"}','2025-12-02 12:18:10','2026-06-21 07:01:06','{\"name\":\"purna Balami\",\"staffId\":\"purnabalami2019@gmail.com\"}','139Y2082/83','2082/83','APPROVED','bhattadipen33085@gmail.com',0),
  (11361,'GT 07871B','2025-12-04 00:00:00','NUTO-H-46','1111',10,2779.8,0,'{\"name\":\"purna Balami\",\"staffId\":\"purnabalami2019@gmail.com\"}','2025-12-04 12:37:30','2026-06-21 07:01:06','{\"name\":\"purna Balami\",\"staffId\":\"purnabalami2019@gmail.com\"}','141Y2082/83','2082/83','APPROVED','bhattadipen33085@gmail.com',0),
  (11392,'GT 07871B','2025-12-04 00:00:00','NUTO-H-46','440',10,2779.8,0,'{\"name\":\"purna Balami\",\"staffId\":\"purnabalami2019@gmail.com\"}','2025-12-04 13:00:50','2026-06-21 07:01:06','{\"name\":\"purna Balami\",\"staffId\":\"purnabalami2019@gmail.com\"}','141Y2082/83','2082/83','APPROVED','bhattadipen33085@gmail.com',0),
  (11711,'GT 07871B','2025-12-08 00:00:00','NUTO-H-46','1504',110,30577.8,0,'{\"name\":\"purna Balami\",\"staffId\":\"purnabalami2019@gmail.com\"}','2025-12-08 13:19:52','2026-06-21 07:01:06','{\"name\":\"purna Balami\",\"staffId\":\"purnabalami2019@gmail.com\"}','145Y2082/83','2082/83','APPROVED','bhattadipen33085@gmail.com',0),
  (11766,'GT 07871B','2025-12-09 00:00:00','NUTO-H-46','1508',5,1389.9,0,'{\"name\":\"purna Balami\",\"staffId\":\"purnabalami2019@gmail.com\"}','2025-12-09 11:33:39','2026-06-21 07:01:06','{\"name\":\"purna Balami\",\"staffId\":\"purnabalami2019@gmail.com\"}','146Y2082/83','2082/83','APPROVED','bhattadipen33085@gmail.com',0),
  (11767,'GT 07871B','2025-12-09 00:00:00','NUTO-H-46','1510',5,1389.9,0,'{\"name\":\"purna Balami\",\"staffId\":\"purnabalami2019@gmail.com\"}','2025-12-09 11:33:39','2026-06-21 07:01:06','{\"name\":\"purna Balami\",\"staffId\":\"purnabalami2019@gmail.com\"}','146Y2082/83','2082/83','APPROVED','bhattadipen33085@gmail.com',0),
  (11768,'GT 07871B','2025-12-09 00:00:00','NUTO-H-46','1706',5,1389.9,0,'{\"name\":\"purna Balami\",\"staffId\":\"purnabalami2019@gmail.com\"}','2025-12-09 11:33:39','2026-06-21 07:01:06','{\"name\":\"purna Balami\",\"staffId\":\"purnabalami2019@gmail.com\"}','146Y2082/83','2082/83','APPROVED','bhattadipen33085@gmail.com',0),
  (11819,'GT 07871B','2025-12-09 00:00:00','NUTO-H-46','440',1,277.98,0,'{\"name\":\"purna Balami\",\"staffId\":\"purnabalami2019@gmail.com\"}','2025-12-09 12:31:17','2026-06-21 07:01:06','{\"name\":\"purna Balami\",\"staffId\":\"purnabalami2019@gmail.com\"}','146Y2082/83','2082/83','APPROVED','bhattadipen33085@gmail.com',0),
  (12045,'GT 07871B','2025-12-11 00:00:00','NUTO-H-46','1508',10,2779.8,0,'{\"name\":\"purna Balami\",\"staffId\":\"purnabalami2019@gmail.com\"}','2025-12-11 16:17:12','2026-06-21 07:01:06','{\"name\":\"purna Balami\",\"staffId\":\"purnabalami2019@gmail.com\"}','148Y2082/83','2082/83','APPROVED','bhattadipen33085@gmail.com',0),
  (12054,'GT 07871B','2025-12-11 00:00:00','NUTO-H-46','334',1,277.98,0,'{\"name\":\"purna Balami\",\"staffId\":\"purnabalami2019@gmail.com\"}','2025-12-11 17:10:08','2026-06-21 07:01:06','{\"name\":\"purna Balami\",\"staffId\":\"purnabalami2019@gmail.com\"}','148Y2082/83','2082/83','APPROVED','bhattadipen33085@gmail.com',0),
  (12070,'GT 07871B','2025-12-11 00:00:00','NUTO-H-46','1705',30,8339.4,0,'{\"name\":\"purna Balami\",\"staffId\":\"purnabalami2019@gmail.com\"}','2025-12-11 17:10:09','2026-06-21 07:01:06','{\"name\":\"purna Balami\",\"staffId\":\"purnabalami2019@gmail.com\"}','148Y2082/83','2082/83','APPROVED','bhattadipen33085@gmail.com',0),
  (12106,'GT 07871B','2025-12-12 00:00:00','NUTO-H-46','1508',15,4169.7,0,'{\"name\":\"Anita KC\",\"staffId\":\"anitakc003@gmail.com\"}','2025-12-12 04:07:34','2026-06-21 07:01:06','{\"name\":\"Anita KC\",\"staffId\":\"anitakc003@gmail.com\"}','149Y2082/83','2082/83','APPROVED','bhattadipen33085@gmail.com',0),
  (12185,'GT 07871B','2025-12-12 00:00:00','NUTO-H-46','425',10,2779.8,0,'{\"name\":\"purna Balami\",\"staffId\":\"purnabalami2019@gmail.com\"}','2025-12-12 12:59:23','2026-06-21 07:01:06','{\"name\":\"purna Balami\",\"staffId\":\"purnabalami2019@gmail.com\"}','149Y2082/83','2082/83','APPROVED','bhattadipen33085@gmail.com',0),
  (12217,'GT 07871B','2025-12-12 00:00:00','NUTO-H-46','1705',30,8339.4,0,'{\"name\":\"purna Balami\",\"staffId\":\"purnabalami2019@gmail.com\"}','2025-12-12 13:15:29','2026-06-21 07:01:06','{\"name\":\"purna Balami\",\"staffId\":\"purnabalami2019@gmail.com\"}','149Y2082/83','2082/83','APPROVED','bhattadipen33085@gmail.com',0),
  (12301,'GT 07871B','2025-12-13 00:00:00','NUTO-H-46','1704',10,2779.8,0,'{\"name\":\"Santosh Chaulagain\",\"staffId\":\"santosch492@gmail.com\"}','2025-12-13 11:37:14','2026-06-21 07:01:06','{\"name\":\"Santosh Chaulagain\",\"staffId\":\"santosch492@gmail.com\"}','150Y2082/83','2082/83','APPROVED','bhattadipen33085@gmail.com',0),
  (12605,'GT 07871B','2025-12-16 00:00:00','NUTO-H-46','D.I',1,277.98,475,'{\"name\":\"Debraj Timilsina\",\"staffId\":\"timilsinadebraj@gmail.com\"}','2025-12-16 10:21:37','2026-06-21 07:01:06','{\"name\":\"Debraj Timilsina\",\"staffId\":\"timilsinadebraj@gmail.com\"}','153Y2082/83','2082/83','APPROVED','bhattadipen33085@gmail.com',0),
  (12724,'GT 07871B','2025-12-17 00:00:00','NUTO-H-46','14506',10,2779.8,465,'{\"name\":\"purna Balami\",\"staffId\":\"purnabalami2019@gmail.com\"}','2025-12-17 10:53:58','2026-06-21 07:01:06','{\"name\":\"purna Balami\",\"staffId\":\"purnabalami2019@gmail.com\"}','154Y2082/83','2082/83','APPROVED','bhattadipen33085@gmail.com',0),
  (12734,'GT 07871B','2025-12-17 00:00:00','NUTO-H-46','1706',60,16678.8,405,'{\"name\":\"purna Balami\",\"staffId\":\"purnabalami2019@gmail.com\"}','2025-12-17 11:16:49','2026-06-21 07:01:06','{\"name\":\"purna Balami\",\"staffId\":\"purnabalami2019@gmail.com\"}','154Y2082/83','2082/83','APPROVED','bhattadipen33085@gmail.com',0),
  (12744,'GT 07871B','2025-12-17 00:00:00','NUTO-H-46','1705',85,23628.3,320,'{\"name\":\"Santosh Chaulagain\",\"staffId\":\"santosch492@gmail.com\"}','2025-12-17 12:08:16','2026-06-21 07:01:06','{\"name\":\"Santosh Chaulagain\",\"staffId\":\"santosch492@gmail.com\"}','154Y2082/83','2082/83','APPROVED','bhattadipen33085@gmail.com',0),
  (12800,'GT 07871B','2025-12-18 00:00:00','NUTO-H-46','1511',10,2779.8,310,'{\"name\":\"Debraj Timilsina\",\"staffId\":\"timilsinadebraj@gmail.com\"}','2025-12-18 11:08:28','2026-06-21 07:01:06','{\"name\":\"Debraj Timilsina\",\"staffId\":\"timilsinadebraj@gmail.com\"}','155Y2082/83','2082/83','APPROVED','bhattadipen33085@gmail.com',0),
  (12803,'GT 07871B','2025-12-18 00:00:00','NUTO-H-46','1705',20,5559.6,290,'{\"name\":\"Debraj Timilsina\",\"staffId\":\"timilsinadebraj@gmail.com\"}','2025-12-18 11:08:28','2026-06-21 07:01:06','{\"name\":\"Debraj Timilsina\",\"staffId\":\"timilsinadebraj@gmail.com\"}','155Y2082/83','2082/83','APPROVED','bhattadipen33085@gmail.com',0),
  (13021,'GT 07871B','2025-12-21 00:00:00','NUTO-H-46','333',1,277.98,289,'{\"name\":\"purna Balami\",\"staffId\":\"purnabalami2019@gmail.com\"}','2025-12-21 10:45:52','2026-06-21 07:01:06','{\"name\":\"purna Balami\",\"staffId\":\"purnabalami2019@gmail.com\"}','158Y2082/83','2082/83','APPROVED','bhattadipen33085@gmail.com',0),
  (13035,'GT 07871B','2025-12-21 00:00:00','NUTO-H-46','1111',20,5559.6,269,'{\"name\":\"purna Balami\",\"staffId\":\"purnabalami2019@gmail.com\"}','2025-12-21 10:45:52','2026-06-21 07:01:06','{\"name\":\"purna Balami\",\"staffId\":\"purnabalami2019@gmail.com\"}','158Y2082/83','2082/83','APPROVED','bhattadipen33085@gmail.com',0),
  (13119,'GT 07871B','2025-12-22 00:00:00','NUTO-H-46','1708',65,18068.7,204,'{\"name\":\"Santosh Chaulagain\",\"staffId\":\"santosch492@gmail.com\"}','2025-12-22 13:13:26','2026-06-21 07:01:06','{\"name\":\"Santosh Chaulagain\",\"staffId\":\"santosch492@gmail.com\"}','159Y2082/83','2082/83','APPROVED','bhattadipen33085@gmail.com',0),
  (13165,'GT 07871B','2025-12-23 00:00:00','NUTO-H-46','1105',10,2779.8,194,'{\"name\":\"Debraj Timilsina\",\"staffId\":\"timilsinadebraj@gmail.com\"}','2025-12-23 03:41:50','2026-06-21 07:01:06','{\"name\":\"Debraj Timilsina\",\"staffId\":\"timilsinadebraj@gmail.com\"}','160Y2082/83','2082/83','APPROVED','bhattadipen33085@gmail.com',0),
  (13258,'GT 07871B','2025-12-23 00:00:00','NUTO-H-46','630',60,16678.8,134,'{\"name\":\"Nirmala Thapa\",\"staffId\":\"nirmalathapa901@gmail.com\"}','2025-12-23 11:25:30','2026-06-21 07:01:06','{\"name\":\"Nirmala Thapa\",\"staffId\":\"nirmalathapa901@gmail.com\"}','160Y2082/83','2082/83','APPROVED','bhattadipen33085@gmail.com',0),
  (13286,'GT 07871B','2025-12-24 00:00:00','NUTO-H-46','1704',10,2779.8,124,'{\"name\":\"Santosh Chaulagain\",\"staffId\":\"santosch492@gmail.com\"}','2025-12-24 13:10:08','2026-06-21 07:01:06','{\"name\":\"Santosh Chaulagain\",\"staffId\":\"santosch492@gmail.com\"}','161Y2082/83','2082/83','APPROVED','bhattadipen33085@gmail.com',0),
  (13287,'GT 07871B','2025-12-24 00:00:00','NUTO-H-46','1107',10,2779.8,114,'{\"name\":\"Santosh Chaulagain\",\"staffId\":\"santosch492@gmail.com\"}','2025-12-24 13:10:08','2026-06-21 07:01:06','{\"name\":\"Santosh Chaulagain\",\"staffId\":\"santosch492@gmail.com\"}','161Y2082/83','2082/83','APPROVED','bhattadipen33085@gmail.com',0),
  (13603,'GT 07871B','2025-12-28 00:00:00','NUTO-H-46','424',10,2779.8,104,'{\"name\":\"purna Balami\",\"staffId\":\"purnabalami2019@gmail.com\"}','2025-12-28 12:14:19','2026-06-21 07:01:06','{\"name\":\"purna Balami\",\"staffId\":\"purnabalami2019@gmail.com\"}','165Y2082/83','2082/83','APPROVED','bhattadipen33085@gmail.com',0),
  (13604,'GT 07871B','2025-12-28 00:00:00','NUTO-H-46','1107',10,2779.8,94,'{\"name\":\"purna Balami\",\"staffId\":\"purnabalami2019@gmail.com\"}','2025-12-28 12:14:19','2026-06-21 07:01:06','{\"name\":\"purna Balami\",\"staffId\":\"purnabalami2019@gmail.com\"}','165Y2082/83','2082/83','APPROVED','bhattadipen33085@gmail.com',0),
  (13620,'GT 07871B','2025-12-28 00:00:00','NUTO-H-46','1505',40,11119.2,54,'{\"name\":\"purna Balami\",\"staffId\":\"purnabalami2019@gmail.com\"}','2025-12-28 12:23:27','2026-06-21 07:01:06','{\"name\":\"purna Balami\",\"staffId\":\"purnabalami2019@gmail.com\"}','165Y2082/83','2082/83','APPROVED','bhattadipen33085@gmail.com',0),
  (13748,'GT 07871B','2025-12-30 00:00:00','NUTO-H-46','1511',20,5559.6,34,'{\"name\":\"purna Balami\",\"staffId\":\"purnabalami2019@gmail.com\"}','2025-12-30 15:15:13','2026-06-21 07:01:06','{\"name\":\"purna Balami\",\"staffId\":\"purnabalami2019@gmail.com\"}','167Y2082/83','2082/83','APPROVED','bhattadipen33085@gmail.com',0),
  (13853,'GT 07871B','2025-12-31 00:00:00','NUTO-H-46','1504',60,16678.8,0,'{\"name\":\"purna Balami\",\"staffId\":\"purnabalami2019@gmail.com\"}','2025-12-31 15:39:44','2026-06-21 07:01:06','{\"name\":\"purna Balami\",\"staffId\":\"purnabalami2019@gmail.com\"}','168Y2082/83','2082/83','APPROVED','bhattadipen33085@gmail.com',0),
  (13956,'GT 07871B','2026-01-01 00:00:00','NUTO-H-46','1505',40,11119.2,0,'{\"name\":\"purna Balami\",\"staffId\":\"purnabalami2019@gmail.com\"}','2026-01-01 15:10:59','2026-06-21 07:01:06','{\"name\":\"purna Balami\",\"staffId\":\"purnabalami2019@gmail.com\"}','169Y2082/83','2082/83','APPROVED','bhattadipen33085@gmail.com',0),
  (13957,'GT 07871B','2026-01-01 00:00:00','NUTO-H-46','1504',60,16678.8,0,'{\"name\":\"purna Balami\",\"staffId\":\"purnabalami2019@gmail.com\"}','2026-01-01 15:10:59','2026-06-21 07:01:06','{\"name\":\"purna Balami\",\"staffId\":\"purnabalami2019@gmail.com\"}','169Y2082/83','2082/83','APPROVED','bhattadipen33085@gmail.com',0),
  (14004,'GT 07871B','2026-01-02 00:00:00','NUTO-H-46','1511',20,5559.6,0,'{\"name\":\"purna Balami\",\"staffId\":\"purnabalami2019@gmail.com\"}','2026-01-02 12:09:48','2026-06-21 07:01:06','{\"name\":\"purna Balami\",\"staffId\":\"purnabalami2019@gmail.com\"}','170Y2082/83','2082/83','APPROVED','bhattadipen33085@gmail.com',0),
  (14033,'GT 07871B','2026-01-02 00:00:00','NUTO-H-46','328',6,1667.88,0,'{\"name\":\"purna Balami\",\"staffId\":\"purnabalami2019@gmail.com\"}','2026-01-02 12:32:16','2026-06-21 07:01:06','{\"name\":\"purna Balami\",\"staffId\":\"purnabalami2019@gmail.com\"}','170Y2082/83','2082/83','APPROVED','bhattadipen33085@gmail.com',0),
  (14042,'GT 07871B','2026-01-02 00:00:00','NUTO-H-46','334',1,277.98,0,'{\"name\":\"purna Balami\",\"staffId\":\"purnabalami2019@gmail.com\"}','2026-01-02 12:39:28','2026-06-21 07:01:06','{\"name\":\"purna Balami\",\"staffId\":\"purnabalami2019@gmail.com\"}','170Y2082/83','2082/83','APPROVED','bhattadipen33085@gmail.com',0),
  (14056,'GT 07871B','2026-01-02 00:00:00','NUTO-H-46','206',40,11119.2,0,'{\"name\":\"purna Balami\",\"staffId\":\"purnabalami2019@gmail.com\"}','2026-01-02 15:56:31','2026-06-21 07:01:06','{\"name\":\"purna Balami\",\"staffId\":\"purnabalami2019@gmail.com\"}','170Y2082/83','2082/83','APPROVED','bhattadipen33085@gmail.com',0),
  (14184,'GT 07871B','2026-01-04 00:00:00','NUTO-H-46','1506',240,66715.2,0,'{\"name\":\"purna Balami\",\"staffId\":\"purnabalami2019@gmail.com\"}','2026-01-04 14:40:41','2026-06-21 07:01:06','{\"name\":\"purna Balami\",\"staffId\":\"purnabalami2019@gmail.com\"}','172Y2082/83','2082/83','APPROVED','bhattadipen33085@gmail.com',0),
  (14195,'GT 07871B','2026-01-04 00:00:00','NUTO-H-46','628',60,16678.8,0,'{\"name\":\"purna Balami\",\"staffId\":\"purnabalami2019@gmail.com\"}','2026-01-04 15:37:51','2026-06-21 07:01:06','{\"name\":\"purna Balami\",\"staffId\":\"purnabalami2019@gmail.com\"}','172Y2082/83','2082/83','APPROVED','bhattadipen33085@gmail.com',0),
  (14238,'GT 07871B','2026-01-05 00:00:00','NUTO-H-46','1704',5,1389.9,0,'{\"name\":\"Debraj Timilsina\",\"staffId\":\"timilsinadebraj@gmail.com\"}','2026-01-05 10:48:14','2026-06-21 07:01:06','{\"name\":\"Debraj Timilsina\",\"staffId\":\"timilsinadebraj@gmail.com\"}','173Y2082/83','2082/83','APPROVED','bhattadipen33085@gmail.com',0),
  (14239,'GT 07871B','2026-01-05 00:00:00','NUTO-H-46','1708',5,1389.9,0,'{\"name\":\"Debraj Timilsina\",\"staffId\":\"timilsinadebraj@gmail.com\"}','2026-01-05 10:48:14','2026-06-21 07:01:06','{\"name\":\"Debraj Timilsina\",\"staffId\":\"timilsinadebraj@gmail.com\"}','173Y2082/83','2082/83','APPROVED','bhattadipen33085@gmail.com',0),
  (14273,'GT 07871B','2026-01-05 00:00:00','NUTO-H-46','1703',30,8339.4,0,'{\"name\":\"Debraj Timilsina\",\"staffId\":\"timilsinadebraj@gmail.com\"}','2026-01-05 10:56:45','2026-06-21 07:01:06','{\"name\":\"Debraj Timilsina\",\"staffId\":\"timilsinadebraj@gmail.com\"}','173Y2082/83','2082/83','APPROVED','bhattadipen33085@gmail.com',0),
  (14345,'GT 07871B','2026-01-06 00:00:00','NUTO-H-46','1704',5,1389.9,0,'{\"name\":\"purna Balami\",\"staffId\":\"purnabalami2019@gmail.com\"}','2026-01-06 09:03:48','2026-06-21 07:01:06','{\"name\":\"purna Balami\",\"staffId\":\"purnabalami2019@gmail.com\"}','174Y2082/83','2082/83','APPROVED','bhattadipen33085@gmail.com',0),
  (14363,'GT 07871B','2026-01-06 00:00:00','NUTO-H-46','1509',25,6949.5,0,'{\"name\":\"purna Balami\",\"staffId\":\"purnabalami2019@gmail.com\"}','2026-01-06 09:35:11','2026-06-21 07:01:06','{\"name\":\"purna Balami\",\"staffId\":\"purnabalami2019@gmail.com\"}','174Y2082/83','2082/83','APPROVED','bhattadipen33085@gmail.com',0),
  (14574,'GT 07871B','2026-01-08 00:00:00','NUTO-H-46','204',10,2779.8,0,'{\"name\":\"Debraj Timilsina\",\"staffId\":\"timilsinadebraj@gmail.com\"}','2026-01-09 06:45:43','2026-06-21 07:01:06','{\"name\":\"Debraj Timilsina\",\"staffId\":\"timilsinadebraj@gmail.com\"}','176Y2082/83','2082/83','APPROVED','bhattadipen33085@gmail.com',0),
  (14581,'GT 07871B','2026-01-08 00:00:00','NUTO-H-46','1508',10,2779.8,0,'{\"name\":\"Debraj Timilsina\",\"staffId\":\"timilsinadebraj@gmail.com\"}','2026-01-09 06:45:43','2026-06-21 07:01:06','{\"name\":\"Debraj Timilsina\",\"staffId\":\"timilsinadebraj@gmail.com\"}','176Y2082/83','2082/83','APPROVED','bhattadipen33085@gmail.com',0),
  (14836,'GT 07871B','2026-01-12 00:00:00','NUTO-H-46','1704',20,5559.6,0,'{\"name\":\"Debraj Timilsina\",\"staffId\":\"timilsinadebraj@gmail.com\"}','2026-01-12 06:08:48','2026-06-21 07:01:06','{\"name\":\"Debraj Timilsina\",\"staffId\":\"timilsinadebraj@gmail.com\"}','180Y2082/83','2082/83','APPROVED','bhattadipen33085@gmail.com',0),
  (14871,'GT 07871B','2026-01-12 00:00:00','NUTO-H-46','201',20,5559.6,0,'{\"name\":\"Debraj Timilsina\",\"staffId\":\"timilsinadebraj@gmail.com\"}','2026-01-12 07:09:00','2026-06-21 07:01:06','{\"name\":\"Debraj Timilsina\",\"staffId\":\"timilsinadebraj@gmail.com\"}','180Y2082/83','2082/83','APPROVED','bhattadipen33085@gmail.com',0),
  (14944,'GT 07871B','2026-01-13 00:00:00','NUTO-H-46','623',5,1389.9,0,'{\"name\":\"purna Balami\",\"staffId\":\"purnabalami2019@gmail.com\"}','2026-01-13 08:37:42','2026-06-21 07:01:06','{\"name\":\"purna Balami\",\"staffId\":\"purnabalami2019@gmail.com\"}','181Y2082/83','2082/83','APPROVED','bhattadipen33085@gmail.com',0),
  (14945,'GT 07871B','2026-01-13 00:00:00','NUTO-H-46','609',10,2779.8,0,'{\"name\":\"purna Balami\",\"staffId\":\"purnabalami2019@gmail.com\"}','2026-01-13 08:37:42','2026-06-21 07:01:06','{\"name\":\"purna Balami\",\"staffId\":\"purnabalami2019@gmail.com\"}','181Y2082/83','2082/83','APPROVED','bhattadipen33085@gmail.com',0),
  (14946,'GT 07871B','2026-01-13 00:00:00','NUTO-H-46','421',10,2779.8,0,'{\"name\":\"purna Balami\",\"staffId\":\"purnabalami2019@gmail.com\"}','2026-01-13 08:37:42','2026-06-21 07:01:06','{\"name\":\"purna Balami\",\"staffId\":\"purnabalami2019@gmail.com\"}','181Y2082/83','2082/83','APPROVED','bhattadipen33085@gmail.com',0),
  (14949,'GT 07871B','2026-01-13 00:00:00','NUTO-H-46','1706',10,2779.8,0,'{\"name\":\"purna Balami\",\"staffId\":\"purnabalami2019@gmail.com\"}','2026-01-13 08:52:46','2026-06-21 07:01:06','{\"name\":\"purna Balami\",\"staffId\":\"purnabalami2019@gmail.com\"}','181Y2082/83','2082/83','APPROVED','bhattadipen33085@gmail.com',0),
  (14992,'GT 07871B','2026-01-14 00:00:00','NUTO-H-46','1506',20,5559.6,0,'{\"name\":\"Debraj Timilsina\",\"staffId\":\"timilsinadebraj@gmail.com\"}','2026-01-14 05:36:05','2026-06-21 07:01:06','{\"name\":\"Debraj Timilsina\",\"staffId\":\"timilsinadebraj@gmail.com\"}','182Y2082/83','2082/83','APPROVED','bhattadipen33085@gmail.com',0),
  (14993,'GT 07871B','2026-01-14 00:00:00','NUTO-H-46','430',10,2779.8,0,'{\"name\":\"Debraj Timilsina\",\"staffId\":\"timilsinadebraj@gmail.com\"}','2026-01-14 05:36:05','2026-06-21 07:01:06','{\"name\":\"Debraj Timilsina\",\"staffId\":\"timilsinadebraj@gmail.com\"}','182Y2082/83','2082/83','APPROVED','bhattadipen33085@gmail.com',0),
  (15000,'GT 07871B','2026-01-14 00:00:00','NUTO-H-46','1105',10,2779.8,0,'{\"name\":\"Debraj Timilsina\",\"staffId\":\"timilsinadebraj@gmail.com\"}','2026-01-14 05:36:05','2026-06-21 07:01:06','{\"name\":\"Debraj Timilsina\",\"staffId\":\"timilsinadebraj@gmail.com\"}','182Y2082/83','2082/83','APPROVED','bhattadipen33085@gmail.com',0),
  (15001,'GT 07871B','2026-01-14 00:00:00','NUTO-H-46','1603',10,2779.8,0,'{\"name\":\"Debraj Timilsina\",\"staffId\":\"timilsinadebraj@gmail.com\"}','2026-01-14 05:36:05','2026-06-21 07:01:06','{\"name\":\"Debraj Timilsina\",\"staffId\":\"timilsinadebraj@gmail.com\"}','182Y2082/83','2082/83','APPROVED','bhattadipen33085@gmail.com',0),
  (15428,'GT 07871B','2026-01-20 00:00:00','NUTO-H-46','1105',5,0,0,'{\"name\":\"Debraj Timilsina\",\"staffId\":\"timilsinadebraj@gmail.com\"}','2026-01-20 04:49:50','2026-06-21 07:01:06','{\"name\":\"Debraj Timilsina\",\"staffId\":\"timilsinadebraj@gmail.com\"}','188Y2082/83','2082/83','APPROVED','bhattadipen33085@gmail.com',0),
  (15430,'GT 07871B','2026-01-20 00:00:00','NUTO-H-46','1704',10,0,0,'{\"name\":\"Debraj Timilsina\",\"staffId\":\"timilsinadebraj@gmail.com\"}','2026-01-20 04:49:50','2026-06-21 07:01:06','{\"name\":\"Debraj Timilsina\",\"staffId\":\"timilsinadebraj@gmail.com\"}','188Y2082/83','2082/83','APPROVED','bhattadipen33085@gmail.com',0),
  (15431,'GT 07871B','2026-01-20 00:00:00','NUTO-H-46','1708',5,0,0,'{\"name\":\"Debraj Timilsina\",\"staffId\":\"timilsinadebraj@gmail.com\"}','2026-01-20 04:49:50','2026-06-21 07:01:06','{\"name\":\"Debraj Timilsina\",\"staffId\":\"timilsinadebraj@gmail.com\"}','188Y2082/83','2082/83','APPROVED','bhattadipen33085@gmail.com',0),
  (16001,'GT 07871B','2026-01-15 00:00:00','NUTO-H-46','1511',114,21682.4,0,'{\"name\":\"Anita KC\",\"staffId\":\"anitakc003@gmail.com\"}','2026-01-26 05:22:45','2026-07-04 12:25:29','{\"name\":\"Anita KC\",\"staffId\":\"anitakc003@gmail.com\"}','183Y2082/83','2082/83','APPROVED','bhattadipen33085@gmail.com',0),
  (16053,'GT 07871B','2026-01-26 00:00:00','NUTO-H-46','1404',5,1389.9,203,'{\"name\":\"Debraj Timilsina\",\"staffId\":\"timilsinadebraj@gmail.com\"}','2026-01-26 07:30:23','2026-06-21 07:01:06','{\"name\":\"Debraj Timilsina\",\"staffId\":\"timilsinadebraj@gmail.com\"}','194Y2082/83','2082/83','APPROVED','bhattadipen33085@gmail.com',0),
  (16054,'GT 07871B','2026-01-26 00:00:00','NUTO-H-46','1708 1505 1508',30,8339.4,173,'{\"name\":\"Debraj Timilsina\",\"staffId\":\"timilsinadebraj@gmail.com\"}','2026-01-26 07:30:23','2026-06-21 07:01:06','{\"name\":\"Debraj Timilsina\",\"staffId\":\"timilsinadebraj@gmail.com\"}','194Y2082/83','2082/83','APPROVED','bhattadipen33085@gmail.com',0),
  (16117,'GT 07871B','2026-01-27 00:00:00','NUTO-H-46','1102',3,833.94,170,'{\"name\":\"Debraj Timilsina\",\"staffId\":\"timilsinadebraj@gmail.com\"}','2026-01-27 05:37:36','2026-06-21 07:01:06','{\"name\":\"Debraj Timilsina\",\"staffId\":\"timilsinadebraj@gmail.com\"}','195Y2082/83','2082/83','APPROVED','bhattadipen33085@gmail.com',0),
  (16118,'GT 07871B','2026-01-27 00:00:00','NUTO-H-46','1105',4,1111.92,166,'{\"name\":\"Debraj Timilsina\",\"staffId\":\"timilsinadebraj@gmail.com\"}','2026-01-27 05:37:36','2026-06-21 07:01:06','{\"name\":\"Debraj Timilsina\",\"staffId\":\"timilsinadebraj@gmail.com\"}','195Y2082/83','2082/83','APPROVED','bhattadipen33085@gmail.com',0),
  (16119,'GT 07871B','2026-01-27 00:00:00','NUTO-H-46','1704',5,1389.9,161,'{\"name\":\"Debraj Timilsina\",\"staffId\":\"timilsinadebraj@gmail.com\"}','2026-01-27 05:37:36','2026-06-21 07:01:06','{\"name\":\"Debraj Timilsina\",\"staffId\":\"timilsinadebraj@gmail.com\"}','195Y2082/83','2082/83','APPROVED','bhattadipen33085@gmail.com',0),
  (16120,'GT 07871B','2026-01-27 00:00:00','NUTO-H-46','428',4,1111.92,157,'{\"name\":\"Debraj Timilsina\",\"staffId\":\"timilsinadebraj@gmail.com\"}','2026-01-27 05:37:36','2026-06-21 07:01:06','{\"name\":\"Debraj Timilsina\",\"staffId\":\"timilsinadebraj@gmail.com\"}','195Y2082/83','2082/83','APPROVED','bhattadipen33085@gmail.com',0),
  (16121,'GT 07871B','2026-01-27 00:00:00','NUTO-H-46','439',4,1111.92,153,'{\"name\":\"Debraj Timilsina\",\"staffId\":\"timilsinadebraj@gmail.com\"}','2026-01-27 05:37:36','2026-06-21 07:01:06','{\"name\":\"Debraj Timilsina\",\"staffId\":\"timilsinadebraj@gmail.com\"}','195Y2082/83','2082/83','APPROVED','bhattadipen33085@gmail.com',0),
  (16218,'GT 07871B','2026-01-28 00:00:00','NUTO-H-46','1106',10,2779.8,143,'{\"name\":\"purna Balami\",\"staffId\":\"purnabalami2019@gmail.com\"}','2026-01-28 11:03:30','2026-06-21 07:01:06','{\"name\":\"purna Balami\",\"staffId\":\"purnabalami2019@gmail.com\"}','196Y2082/83','2082/83','APPROVED','bhattadipen33085@gmail.com',0),
  (16225,'GT 07871B','2026-01-28 00:00:00','NUTO-H-46','1506',45,12509.1,98,'{\"name\":\"purna Balami\",\"staffId\":\"purnabalami2019@gmail.com\"}','2026-01-28 11:37:13','2026-06-21 07:01:06','{\"name\":\"purna Balami\",\"staffId\":\"purnabalami2019@gmail.com\"}','196Y2082/83','2082/83','APPROVED','bhattadipen33085@gmail.com',0),
  (16340,'GT 07871B','2026-01-29 00:00:00','NUTO-H-46','328',1,277.98,97,'{\"name\":\"Debraj Timilsina\",\"staffId\":\"timilsinadebraj@gmail.com\"}','2026-01-30 05:58:37','2026-06-21 07:01:06','{\"name\":\"Debraj Timilsina\",\"staffId\":\"timilsinadebraj@gmail.com\"}','197Y2082/83','2082/83','APPROVED','bhattadipen33085@gmail.com',0),
  (16404,'GT 07871B','2026-01-30 00:00:00','NUTO-H-46','339',2,555.96,95,'{\"name\":\"Anita KC\",\"staffId\":\"anitakc003@gmail.com\"}','2026-01-30 08:33:11','2026-06-21 07:01:06','{\"name\":\"Anita KC\",\"staffId\":\"anitakc003@gmail.com\"}','198Y2082/83','2082/83','APPROVED','bhattadipen33085@gmail.com',0),
  (16506,'GT 07871B','2026-01-31 00:00:00','NUTO-H-46','343',1,277.98,94,'{\"name\":\"Santosh Chaulagain\",\"staffId\":\"santosch492@gmail.com\"}','2026-01-31 15:02:02','2026-06-21 07:01:06','{\"name\":\"Santosh Chaulagain\",\"staffId\":\"santosch492@gmail.com\"}','199Y2082/83','2082/83','APPROVED','bhattadipen33085@gmail.com',0),
  (16578,'GT 07871B','2026-02-01 00:00:00','NUTO-H-46','1704',10,2779.8,84,'{\"name\":\"purna Balami\",\"staffId\":\"purnabalami2019@gmail.com\"}','2026-02-01 10:30:12','2026-06-21 07:01:06','{\"name\":\"purna Balami\",\"staffId\":\"purnabalami2019@gmail.com\"}','200Y2082/83','2082/83','APPROVED','bhattadipen33085@gmail.com',0),
  (16579,'GT 07871B','2026-02-01 00:00:00','NUTO-H-46','1508',5,1389.9,79,'{\"name\":\"purna Balami\",\"staffId\":\"purnabalami2019@gmail.com\"}','2026-02-01 10:30:12','2026-06-21 07:01:06','{\"name\":\"purna Balami\",\"staffId\":\"purnabalami2019@gmail.com\"}','200Y2082/83','2082/83','APPROVED','bhattadipen33085@gmail.com',0),
  (16582,'GT 07871B','2026-02-01 00:00:00','NUTO-H-46','1708',10,2779.8,69,'{\"name\":\"purna Balami\",\"staffId\":\"purnabalami2019@gmail.com\"}','2026-02-01 10:30:12','2026-06-21 07:01:06','{\"name\":\"purna Balami\",\"staffId\":\"purnabalami2019@gmail.com\"}','200Y2082/83','2082/83','APPROVED','bhattadipen33085@gmail.com',0),
  (16730,'GT 07871B','2026-02-03 00:00:00','NUTO-H-46','1704',10,2779.8,59,'{\"name\":\"Debraj Timilsina\",\"staffId\":\"timilsinadebraj@gmail.com\"}','2026-02-03 06:59:14','2026-06-21 07:01:06','{\"name\":\"Debraj Timilsina\",\"staffId\":\"timilsinadebraj@gmail.com\"}','202Y2082/83','2082/83','APPROVED','bhattadipen33085@gmail.com',0),
  (16940,'GT 07871B','2026-02-05 00:00:00','NUTO-H-46','1112',110,30577.8,0,'{\"name\":\"Debraj Timilsina\",\"staffId\":\"timilsinadebraj@gmail.com\"}','2026-02-05 10:16:45','2026-06-21 07:01:06','{\"name\":\"Debraj Timilsina\",\"staffId\":\"timilsinadebraj@gmail.com\"}','204Y2082/83','2082/83','APPROVED','bhattadipen33085@gmail.com',0),
  (17020,'GT 07871B','2026-02-03 00:00:00','NUTO-H-46','343',2,555.96,57,'{\"name\":\"Anita KC\",\"staffId\":\"anitakc003@gmail.com\"}','2026-02-06 09:41:36','2026-06-21 07:01:06','{\"name\":\"Anita KC\",\"staffId\":\"anitakc003@gmail.com\"}','202Y2082/83','2082/83','APPROVED','bhattadipen33085@gmail.com',0),
  (17040,'GT 07871B','2026-02-06 00:00:00','NUTO-H-46','1602',5,1389.9,992,'{\"name\":\"Debraj Timilsina\",\"staffId\":\"timilsinadebraj@gmail.com\"}','2026-02-06 10:37:47','2026-06-21 07:01:06','{\"name\":\"Debraj Timilsina\",\"staffId\":\"timilsinadebraj@gmail.com\"}','205Y2082/83','2082/83','APPROVED','bhattadipen33085@gmail.com',0),
  (17041,'GT 07871B','2026-02-06 00:00:00','NUTO-H-46','1603',5,1389.9,987,'{\"name\":\"Debraj Timilsina\",\"staffId\":\"timilsinadebraj@gmail.com\"}','2026-02-06 10:37:47','2026-06-21 07:01:06','{\"name\":\"Debraj Timilsina\",\"staffId\":\"timilsinadebraj@gmail.com\"}','205Y2082/83','2082/83','APPROVED','bhattadipen33085@gmail.com',0),
  (17090,'GT 07871B','2026-02-06 00:00:00','NUTO-H-46','429',60,16678.8,927,'{\"name\":\"Debraj Timilsina\",\"staffId\":\"timilsinadebraj@gmail.com\"}','2026-02-06 11:14:04','2026-06-21 07:01:06','{\"name\":\"Debraj Timilsina\",\"staffId\":\"timilsinadebraj@gmail.com\"}','205Y2082/83','2082/83','APPROVED','bhattadipen33085@gmail.com',0),
  (17160,'GT 07871B','2026-02-07 00:00:00','NUTO-H-46','1105',20,5559.6,907,'{\"name\":\"Debraj Timilsina\",\"staffId\":\"timilsinadebraj@gmail.com\"}','2026-02-07 11:43:37','2026-06-21 07:01:06','{\"name\":\"Debraj Timilsina\",\"staffId\":\"timilsinadebraj@gmail.com\"}','206Y2082/83','2082/83','APPROVED','bhattadipen33085@gmail.com',0),
  (17281,'GT 07871B','2026-02-09 00:00:00','NUTO-H-46','1705',5,1389.9,902,'{\"name\":\"Debraj Timilsina\",\"staffId\":\"timilsinadebraj@gmail.com\"}','2026-02-09 05:18:41','2026-06-21 07:01:06','{\"name\":\"Debraj Timilsina\",\"staffId\":\"timilsinadebraj@gmail.com\"}','208Y2082/83','2082/83','APPROVED','bhattadipen33085@gmail.com',0),
  (17364,'GT 07871B','2026-02-11 00:00:00','NUTO-H-46','2401',10,2779.8,890,'{\"name\":\"Nirmala Thapa\",\"staffId\":\"nirmalathapa901@gmail.com\"}','2026-02-11 07:27:56','2026-06-21 07:01:06','{\"name\":\"Nirmala Thapa\",\"staffId\":\"nirmalathapa901@gmail.com\"}','210Y2082/83','2082/83','APPROVED','bhattadipen33085@gmail.com',0),
  (17440,'GT 07871B','2026-02-10 00:00:00','NUTO-H-46','342',2,555.96,900,'{\"name\":\"purna Balami\",\"staffId\":\"purnabalami2019@gmail.com\"}','2026-02-11 08:45:30','2026-06-21 07:01:06','{\"name\":\"purna Balami\",\"staffId\":\"purnabalami2019@gmail.com\"}','209Y2082/83','2082/83','APPROVED','bhattadipen33085@gmail.com',0),
  (17698,'GT 07871B','2026-02-14 00:00:00','NUTO-H-46','339',2,555.96,888,'{\"name\":\"Santosh Chaulagain\",\"staffId\":\"santosch492@gmail.com\"}','2026-02-14 13:18:45','2026-06-21 07:01:06','{\"name\":\"Santosh Chaulagain\",\"staffId\":\"santosch492@gmail.com\"}','213Y2082/83','2082/83','APPROVED','bhattadipen33085@gmail.com',0),
  (17769,'GT 07871B','2026-02-15 00:00:00','NUTO-H-46','329',2,555.96,886,'{\"name\":\"Santosh Chaulagain\",\"staffId\":\"santosch492@gmail.com\"}','2026-02-15 14:46:20','2026-06-21 07:01:06','{\"name\":\"Santosh Chaulagain\",\"staffId\":\"santosch492@gmail.com\"}','214Y2082/83','2082/83','APPROVED','bhattadipen33085@gmail.com',0),
  (17868,'GT 07871B','2026-02-16 00:00:00','NUTO-H-46','1505',20,5559.6,866,'{\"name\":\"Santosh Chaulagain\",\"staffId\":\"santosch492@gmail.com\"}','2026-02-16 15:59:27','2026-06-21 07:01:06','{\"name\":\"Santosh Chaulagain\",\"staffId\":\"santosch492@gmail.com\"}','215Y2082/83','2082/83','APPROVED','bhattadipen33085@gmail.com',0),
  (18076,'GT 07871B','2026-02-17 00:00:00','NUTO-H-46','1102',10,2779.8,856,'{\"name\":\"Santosh Chaulagain\",\"staffId\":\"santosch492@gmail.com\"}','2026-02-17 17:14:49','2026-06-21 07:01:06','{\"name\":\"Santosh Chaulagain\",\"staffId\":\"santosch492@gmail.com\"}','216Y2082/83','2082/83','APPROVED','bhattadipen33085@gmail.com',0),
  (18150,'GT 07871B','2026-02-18 00:00:00','NUTO-H-46','352',1,277.98,855,'{\"name\":\"purna Balami\",\"staffId\":\"purnabalami2019@gmail.com\"}','2026-02-18 11:14:34','2026-06-21 07:01:06','{\"name\":\"purna Balami\",\"staffId\":\"purnabalami2019@gmail.com\"}','217Y2082/83','2082/83','APPROVED','bhattadipen33085@gmail.com',0),
  (18259,'GT 07871B','2026-02-20 00:00:00','NUTO-H-46','1704',5,1389.9,850,'{\"name\":\"Debraj Timilsina\",\"staffId\":\"timilsinadebraj@gmail.com\"}','2026-02-20 05:19:52','2026-06-21 07:01:06','{\"name\":\"Debraj Timilsina\",\"staffId\":\"timilsinadebraj@gmail.com\"}','219Y2082/83','2082/83','APPROVED','bhattadipen33085@gmail.com',0),
  (18287,'GT 07871B','2026-02-20 00:00:00','NUTO-H-46','1102',5,1389.9,845,'{\"name\":\"Debraj Timilsina\",\"staffId\":\"timilsinadebraj@gmail.com\"}','2026-02-20 07:00:58','2026-06-21 07:01:06','{\"name\":\"Debraj Timilsina\",\"staffId\":\"timilsinadebraj@gmail.com\"}','219Y2082/83','2082/83','APPROVED','bhattadipen33085@gmail.com',0),
  (18653,'GT 07871B','2026-02-22 00:00:00','NUTO-H-46','1508',2,555.96,843,'{\"name\":\"Santosh Chaulagain\",\"staffId\":\"santosch492@gmail.com\"}','2026-02-22 14:39:05','2026-06-21 07:01:06','{\"name\":\"Santosh Chaulagain\",\"staffId\":\"santosch492@gmail.com\"}','221Y2082/83','2082/83','APPROVED','bhattadipen33085@gmail.com',0),
  (18714,'GT 07871B','2026-02-23 00:00:00','NUTO-H-46','DI',10,2779.8,833,'{\"name\":\"purna Balami\",\"staffId\":\"purnabalami2019@gmail.com\"}','2026-02-23 07:06:25','2026-06-21 07:01:06','{\"name\":\"purna Balami\",\"staffId\":\"purnabalami2019@gmail.com\"}','222Y2082/83','2082/83','APPROVED','bhattadipen33085@gmail.com',0),
  (18810,'GT 07871B','2026-02-24 00:00:00','NUTO-H-46','615',55,15288.9,778,'{\"name\":\"Debraj Timilsina\",\"staffId\":\"timilsinadebraj@gmail.com\"}','2026-02-24 11:15:58','2026-06-21 07:01:06','{\"name\":\"Debraj Timilsina\",\"staffId\":\"timilsinadebraj@gmail.com\"}','223Y2082/83','2082/83','APPROVED','bhattadipen33085@gmail.com',0),
  (18944,'GT 07871B','2026-02-26 00:00:00','NUTO-H-46','2402',10,2779.8,768,'{\"name\":\"Santosh Chaulagain\",\"staffId\":\"santosch492@gmail.com\"}','2026-02-26 13:46:08','2026-06-21 07:01:06','{\"name\":\"Santosh Chaulagain\",\"staffId\":\"santosch492@gmail.com\"}','225Y2082/83','2082/83','APPROVED','bhattadipen33085@gmail.com',0),
  (19283,'GT 07871B','2026-03-03 00:00:00','NUTO-H-46','1505',10,2779.8,758,'{\"name\":\"purna Balami\",\"staffId\":\"purnabalami2019@gmail.com\"}','2026-03-03 10:36:29','2026-06-21 07:01:06','{\"name\":\"purna Balami\",\"staffId\":\"purnabalami2019@gmail.com\"}','230Y2082/83','2082/83','APPROVED','bhattadipen33085@gmail.com',0),
  (19341,'GT 07871B','2026-03-04 00:00:00','NUTO-H-46','630',55,15288.9,703,'{\"name\":\"purna Balami\",\"staffId\":\"purnabalami2019@gmail.com\"}','2026-03-04 10:32:24','2026-06-21 07:01:06','{\"name\":\"purna Balami\",\"staffId\":\"purnabalami2019@gmail.com\"}','231Y2082/83','2082/83','APPROVED','bhattadipen33085@gmail.com',0),
  (19477,'GT 07871B','2026-03-07 00:00:00','NUTO-H-46','631',55,15288.9,648,'{\"name\":\"purna Balami\",\"staffId\":\"purnabalami2019@gmail.com\"}','2026-03-07 13:03:58','2026-06-21 07:01:06','{\"name\":\"purna Balami\",\"staffId\":\"purnabalami2019@gmail.com\"}','234Y2082/83','2082/83','APPROVED','bhattadipen33085@gmail.com',0),
  (19521,'GT 07871B','2026-03-08 00:00:00','NUTO-H-46','1506',10,2779.8,638,'{\"name\":\"purna Balami\",\"staffId\":\"purnabalami2019@gmail.com\"}','2026-03-08 10:58:38','2026-06-21 07:01:06','{\"name\":\"purna Balami\",\"staffId\":\"purnabalami2019@gmail.com\"}','235Y2082/83','2082/83','APPROVED','bhattadipen33085@gmail.com',0),
  (19990,'GT 07871B','2026-03-15 00:00:00','NUTO-H-46','1708',20,5559.6,618,'{\"name\":\"purna Balami\",\"staffId\":\"purnabalami2019@gmail.com\"}','2026-03-15 12:47:35','2026-06-21 07:01:06','{\"name\":\"purna Balami\",\"staffId\":\"purnabalami2019@gmail.com\"}','247Y2082/83','2082/83','APPROVED','bhattadipen33085@gmail.com',0),
  (20057,'GT 07871B','2026-03-16 00:00:00','NUTO-H-46','334',1,277.98,617,'{\"name\":\"Debraj Timilsina\",\"staffId\":\"timilsinadebraj@gmail.com\"}','2026-03-16 07:04:00','2026-06-21 07:01:06','{\"name\":\"Debraj Timilsina\",\"staffId\":\"timilsinadebraj@gmail.com\"}','248Y2082/83','2082/83','APPROVED','bhattadipen33085@gmail.com',0),
  (20183,'GT 07871B','2026-03-17 00:00:00','NUTO-H-46','341',1,277.98,616,'{\"name\":\"Debraj Timilsina\",\"staffId\":\"timilsinadebraj@gmail.com\"}','2026-03-18 05:16:02','2026-06-21 07:01:06','{\"name\":\"Debraj Timilsina\",\"staffId\":\"timilsinadebraj@gmail.com\"}','249Y2082/83','2082/83','APPROVED','bhattadipen33085@gmail.com',0),
  (20402,'GT 07871B','2026-03-21 00:00:00','NUTO-H-46','341',2,555.96,614,'{\"name\":\"purna Balami\",\"staffId\":\"purnabalami2019@gmail.com\"}','2026-03-21 12:52:22','2026-06-21 07:01:06','{\"name\":\"purna Balami\",\"staffId\":\"purnabalami2019@gmail.com\"}','253Y2082/83','2082/83','APPROVED','bhattadipen33085@gmail.com',0),
  (20433,'GT 07871B','2026-03-21 00:00:00','NUTO-H-46','2401',10,2779.8,604,'{\"name\":\"purna Balami\",\"staffId\":\"purnabalami2019@gmail.com\"}','2026-03-21 13:29:25','2026-06-21 07:01:06','{\"name\":\"purna Balami\",\"staffId\":\"purnabalami2019@gmail.com\"}','253Y2082/83','2082/83','APPROVED','bhattadipen33085@gmail.com',0),
  (20492,'GT 07871B','2026-03-22 00:00:00','NUTO-H-46','1509',20,5559.6,584,'{\"name\":\"purna Balami\",\"staffId\":\"purnabalami2019@gmail.com\"}','2026-03-22 09:48:21','2026-06-21 07:01:06','{\"name\":\"purna Balami\",\"staffId\":\"purnabalami2019@gmail.com\"}','254Y2082/83','2082/83','APPROVED','bhattadipen33085@gmail.com',0),
  (20493,'GT 07871B','2026-03-22 00:00:00','NUTO-H-46','1704',35,9729.3,549,'{\"name\":\"purna Balami\",\"staffId\":\"purnabalami2019@gmail.com\"}','2026-03-22 09:48:21','2026-06-21 07:01:06','{\"name\":\"purna Balami\",\"staffId\":\"purnabalami2019@gmail.com\"}','254Y2082/83','2082/83','APPROVED','bhattadipen33085@gmail.com',0),
  (20549,'GT 07871B','2026-03-23 00:00:00','NUTO-H-46','423',5,1389.9,544,'{\"name\":\"Nirmala Thapa\",\"staffId\":\"nirmalathapa901@gmail.com\"}','2026-03-23 05:47:53','2026-06-21 07:01:06','{\"name\":\"Nirmala Thapa\",\"staffId\":\"nirmalathapa901@gmail.com\"}','255Y2082/83','2082/83','APPROVED','bhattadipen33085@gmail.com',0),
  (20550,'GT 07871B','2026-03-23 00:00:00','NUTO-H-46','424',5,1389.9,539,'{\"name\":\"Nirmala Thapa\",\"staffId\":\"nirmalathapa901@gmail.com\"}','2026-03-23 05:47:53','2026-06-21 07:01:06','{\"name\":\"Nirmala Thapa\",\"staffId\":\"nirmalathapa901@gmail.com\"}','255Y2082/83','2082/83','APPROVED','bhattadipen33085@gmail.com',0),
  (20551,'GT 07871B','2026-03-23 00:00:00','NUTO-H-46','430',5,1389.9,534,'{\"name\":\"Nirmala Thapa\",\"staffId\":\"nirmalathapa901@gmail.com\"}','2026-03-23 05:47:53','2026-06-21 07:01:06','{\"name\":\"Nirmala Thapa\",\"staffId\":\"nirmalathapa901@gmail.com\"}','255Y2082/83','2082/83','APPROVED','bhattadipen33085@gmail.com',0),
  (20624,'GT 07871B','2026-03-24 00:00:00','NUTO-H-46','328',1,277.98,533,'{\"name\":\"Nirmala Thapa\",\"staffId\":\"nirmalathapa901@gmail.com\"}','2026-03-24 10:51:12','2026-06-21 07:01:06','{\"name\":\"Nirmala Thapa\",\"staffId\":\"nirmalathapa901@gmail.com\"}','256Y2082/83','2082/83','APPROVED','bhattadipen33085@gmail.com',0),
  (20647,'GT 07871B','2026-03-24 00:00:00','NUTO-H-46','1112',10,2779.8,523,'{\"name\":\"Santosh Chaulagain\",\"staffId\":\"santosch492@gmail.com\"}','2026-03-24 12:31:55','2026-06-21 07:01:06','{\"name\":\"Santosh Chaulagain\",\"staffId\":\"santosch492@gmail.com\"}','256Y2082/83','2082/83','APPROVED','bhattadipen33085@gmail.com',0),
  (20762,'GT 07871B','2026-03-25 00:00:00','NUTO-H-46','1111',5,1389.9,518,'{\"name\":\"Santosh Chaulagain\",\"staffId\":\"santosch492@gmail.com\"}','2026-03-25 17:39:33','2026-06-21 07:01:06','{\"name\":\"Santosh Chaulagain\",\"staffId\":\"santosch492@gmail.com\"}','257Y2082/83','2082/83','APPROVED','bhattadipen33085@gmail.com',0),
  (20763,'GT 07871B','2026-03-25 00:00:00','NUTO-H-46','1107',5,1389.9,513,'{\"name\":\"Santosh Chaulagain\",\"staffId\":\"santosch492@gmail.com\"}','2026-03-25 17:39:33','2026-06-21 07:01:06','{\"name\":\"Santosh Chaulagain\",\"staffId\":\"santosch492@gmail.com\"}','257Y2082/83','2082/83','APPROVED','bhattadipen33085@gmail.com',0),
  (20784,'GT 07871B','2026-03-25 00:00:00','NUTO-H-46','1504',50,13899,463,'{\"name\":\"Santosh Chaulagain\",\"staffId\":\"santosch492@gmail.com\"}','2026-03-25 17:39:33','2026-06-21 07:01:06','{\"name\":\"Santosh Chaulagain\",\"staffId\":\"santosch492@gmail.com\"}','257Y2082/83','2082/83','APPROVED','bhattadipen33085@gmail.com',0),
  (20848,'GT 07871B','2026-03-26 00:00:00','NUTO-H-46','1111',35,9729.3,428,'{\"name\":\"Santosh Chaulagain\",\"staffId\":\"santosch492@gmail.com\"}','2026-03-26 13:33:33','2026-06-21 07:01:06','{\"name\":\"Santosh Chaulagain\",\"staffId\":\"santosch492@gmail.com\"}','258Y2082/83','2082/83','APPROVED','bhattadipen33085@gmail.com',0),
  (20854,'GT 07871B','2026-03-26 00:00:00','NUTO-H-46','1112',5,1389.9,423,'{\"name\":\"Santosh Chaulagain\",\"staffId\":\"santosch492@gmail.com\"}','2026-03-26 13:33:33','2026-06-21 07:01:06','{\"name\":\"Santosh Chaulagain\",\"staffId\":\"santosch492@gmail.com\"}','258Y2082/83','2082/83','APPROVED','bhattadipen33085@gmail.com',0),
  (20855,'GT 07871B','2026-03-26 00:00:00','NUTO-H-46','432',5,1389.9,418,'{\"name\":\"Santosh Chaulagain\",\"staffId\":\"santosch492@gmail.com\"}','2026-03-26 13:33:33','2026-06-21 07:01:06','{\"name\":\"Santosh Chaulagain\",\"staffId\":\"santosch492@gmail.com\"}','258Y2082/83','2082/83','APPROVED','bhattadipen33085@gmail.com',0),
  (20880,'GT 07871B','2026-03-26 00:00:00','NUTO-H-46','204',20,5559.6,398,'{\"name\":\"Santosh Chaulagain\",\"staffId\":\"santosch492@gmail.com\"}','2026-03-26 13:33:33','2026-06-21 07:01:06','{\"name\":\"Santosh Chaulagain\",\"staffId\":\"santosch492@gmail.com\"}','258Y2082/83','2082/83','APPROVED','bhattadipen33085@gmail.com',0),
  (20916,'GT 07871B','2026-03-27 00:00:00','NUTO-H-46','1509',10,2779.8,388,'{\"name\":\"Santosh Chaulagain\",\"staffId\":\"santosch492@gmail.com\"}','2026-03-27 15:13:13','2026-06-21 07:01:06','{\"name\":\"Santosh Chaulagain\",\"staffId\":\"santosch492@gmail.com\"}','259Y2082/83','2082/83','APPROVED','bhattadipen33085@gmail.com',0),
  (20917,'GT 07871B','2026-03-27 00:00:00','NUTO-H-46','1706',5,1389.9,383,'{\"name\":\"Santosh Chaulagain\",\"staffId\":\"santosch492@gmail.com\"}','2026-03-27 15:13:13','2026-06-21 07:01:06','{\"name\":\"Santosh Chaulagain\",\"staffId\":\"santosch492@gmail.com\"}','259Y2082/83','2082/83','APPROVED','bhattadipen33085@gmail.com',0),
  (20918,'GT 07871B','2026-03-27 00:00:00','NUTO-H-46','1704',5,1389.9,378,'{\"name\":\"Santosh Chaulagain\",\"staffId\":\"santosch492@gmail.com\"}','2026-03-27 15:13:13','2026-06-21 07:01:06','{\"name\":\"Santosh Chaulagain\",\"staffId\":\"santosch492@gmail.com\"}','259Y2082/83','2082/83','APPROVED','bhattadipen33085@gmail.com',0),
  (21042,'GT 07871B','2026-03-28 00:00:00','NUTO-H-46','1506',250,69495,128,'{\"name\":\"Santosh Chaulagain\",\"staffId\":\"santosch492@gmail.com\"}','2026-03-28 16:36:04','2026-06-21 07:01:06','{\"name\":\"Santosh Chaulagain\",\"staffId\":\"santosch492@gmail.com\"}','260Y2082/83','2082/83','APPROVED','bhattadipen33085@gmail.com',0),
  (21109,'GT 07871B','2026-03-29 00:00:00','NUTO-H-46','339',1,277.98,127,'{\"name\":\"Santosh Chaulagain\",\"staffId\":\"santosch492@gmail.com\"}','2026-03-29 16:14:30','2026-06-21 07:01:06','{\"name\":\"Santosh Chaulagain\",\"staffId\":\"santosch492@gmail.com\"}','261Y2082/83','2082/83','APPROVED','bhattadipen33085@gmail.com',0),
  (21149,'GT 07871B','2026-03-29 00:00:00','NUTO-H-46','631',5,1389.9,122,'{\"name\":\"purna Balami\",\"staffId\":\"purnabalami2019@gmail.com\"}','2026-03-30 07:53:25','2026-06-21 07:01:06','{\"name\":\"purna Balami\",\"staffId\":\"purnabalami2019@gmail.com\"}','261Y2082/83','2082/83','APPROVED','bhattadipen33085@gmail.com',0),
  (21267,'GT 07871B','2026-03-31 00:00:00','NUTO-H-46','1511',10,2779.8,112,'{\"name\":\"Debraj Timilsina\",\"staffId\":\"timilsinadebraj@gmail.com\"}','2026-03-31 10:09:01','2026-06-21 07:01:06','{\"name\":\"Debraj Timilsina\",\"staffId\":\"timilsinadebraj@gmail.com\"}','263Y2082/83','2082/83','APPROVED','bhattadipen33085@gmail.com',0),
  (21268,'GT 07871B','2026-03-31 00:00:00','NUTO-H-46','1509',10,2779.8,102,'{\"name\":\"Debraj Timilsina\",\"staffId\":\"timilsinadebraj@gmail.com\"}','2026-03-31 10:09:01','2026-06-21 07:01:06','{\"name\":\"Debraj Timilsina\",\"staffId\":\"timilsinadebraj@gmail.com\"}','263Y2082/83','2082/83','APPROVED','bhattadipen33085@gmail.com',0),
  (21358,'GT 07871B','2026-04-01 00:00:00','NUTO-H-46','1704',5,1389.9,97,'{\"name\":\"Santosh Chaulagain\",\"staffId\":\"santosch492@gmail.com\"}','2026-04-01 12:54:08','2026-06-21 07:01:06','{\"name\":\"Santosh Chaulagain\",\"staffId\":\"santosch492@gmail.com\"}','264Y2082/83','2082/83','APPROVED','bhattadipen33085@gmail.com',0),
  (21359,'GT 07871B','2026-04-01 00:00:00','NUTO-H-46','1708',5,1389.9,92,'{\"name\":\"Santosh Chaulagain\",\"staffId\":\"santosch492@gmail.com\"}','2026-04-01 12:54:08','2026-06-21 07:01:06','{\"name\":\"Santosh Chaulagain\",\"staffId\":\"santosch492@gmail.com\"}','264Y2082/83','2082/83','APPROVED','bhattadipen33085@gmail.com',0),
  (21360,'GT 07871B','2026-04-01 00:00:00','NUTO-H-46','2402',10,2779.8,82,'{\"name\":\"Santosh Chaulagain\",\"staffId\":\"santosch492@gmail.com\"}','2026-04-01 12:54:08','2026-06-21 07:01:06','{\"name\":\"Santosh Chaulagain\",\"staffId\":\"santosch492@gmail.com\"}','264Y2082/83','2082/83','APPROVED','bhattadipen33085@gmail.com',0),
  (21558,'GT 07871B','2026-04-03 00:00:00','NUTO-H-46','626',55,15288.9,27,'{\"name\":\"Santosh Chaulagain\",\"staffId\":\"santosch492@gmail.com\"}','2026-04-03 13:32:14','2026-06-21 07:01:06','{\"name\":\"Santosh Chaulagain\",\"staffId\":\"santosch492@gmail.com\"}','266Y2082/83','2082/83','APPROVED','bhattadipen33085@gmail.com',0),
  (21749,'GT 07871B','2026-04-05 00:00:00','NUTO-H-46','427',10,2779.8,17,'{\"name\":\"purna Balami\",\"staffId\":\"purnabalami2019@gmail.com\"}','2026-04-05 12:13:22','2026-06-21 07:01:06','{\"name\":\"purna Balami\",\"staffId\":\"purnabalami2019@gmail.com\"}','268Y2082/83','2082/83','APPROVED','bhattadipen33085@gmail.com',0),
  (21750,'GT 07871B','2026-04-05 00:00:00','NUTO-H-46','1404',75,20848.5,0,'{\"name\":\"purna Balami\",\"staffId\":\"purnabalami2019@gmail.com\"}','2026-04-05 12:13:22','2026-06-21 07:01:06','{\"name\":\"purna Balami\",\"staffId\":\"purnabalami2019@gmail.com\"}','268Y2082/83','2082/83','APPROVED','bhattadipen33085@gmail.com',0),
  (21851,'GT 07871B','2026-04-06 00:00:00','NUTO-H-46','620',55,15288.9,0,'{\"name\":\"purna Balami\",\"staffId\":\"purnabalami2019@gmail.com\"}','2026-04-06 12:09:24','2026-06-21 07:01:06','{\"name\":\"purna Balami\",\"staffId\":\"purnabalami2019@gmail.com\"}','269Y2082/83','2082/83','APPROVED','bhattadipen33085@gmail.com',0),
  (21888,'GT 07871B','2026-04-07 00:00:00','NUTO-H-46','1706',10,2779.8,0,'{\"name\":\"Debraj Timilsina\",\"staffId\":\"timilsinadebraj@gmail.com\"}','2026-04-07 10:09:58','2026-06-21 07:01:06','{\"name\":\"Debraj Timilsina\",\"staffId\":\"timilsinadebraj@gmail.com\"}','270Y2082/83','2082/83','APPROVED','bhattadipen33085@gmail.com',0),
  (22007,'GT 07871B','2026-04-08 00:00:00','NUTO-H-46','1506',10,2779.8,0,'{\"name\":\"purna Balami\",\"staffId\":\"purnabalami2019@gmail.com\"}','2026-04-08 12:39:16','2026-06-21 07:01:06','{\"name\":\"purna Balami\",\"staffId\":\"purnabalami2019@gmail.com\"}','271Y2082/83','2082/83','APPROVED','bhattadipen33085@gmail.com',0),
  (22013,'GT 07871B','2026-04-08 00:00:00','NUTO-H-46','425',10,2779.8,0,'{\"name\":\"purna Balami\",\"staffId\":\"purnabalami2019@gmail.com\"}','2026-04-08 12:39:16','2026-06-21 07:01:06','{\"name\":\"purna Balami\",\"staffId\":\"purnabalami2019@gmail.com\"}','271Y2082/83','2082/83','APPROVED','bhattadipen33085@gmail.com',0),
  (22242,'GT 07871B','2026-04-11 00:00:00','NUTO-H-46','1704',20,5559.6,0,'{\"name\":\"purna Balami\",\"staffId\":\"purnabalami2019@gmail.com\"}','2026-04-11 14:21:08','2026-06-21 07:01:06','{\"name\":\"purna Balami\",\"staffId\":\"purnabalami2019@gmail.com\"}','274Y2082/83','2082/83','APPROVED','bhattadipen33085@gmail.com',0),
  (22305,'GT 07871B','2026-04-12 00:00:00','NUTO-H-46','328',1,277.98,886,'{\"name\":\"purna Balami\",\"staffId\":\"purnabalami2019@gmail.com\"}','2026-04-12 10:00:08','2026-06-21 07:01:06','{\"name\":\"purna Balami\",\"staffId\":\"purnabalami2019@gmail.com\"}','275Y2082/83','2082/83','APPROVED','bhattadipen33085@gmail.com',0),
  (22306,'GT 07871B','2026-04-12 00:00:00','NUTO-H-46','425',40,11119.2,846,'{\"name\":\"purna Balami\",\"staffId\":\"purnabalami2019@gmail.com\"}','2026-04-12 10:00:09','2026-06-21 07:01:06','{\"name\":\"purna Balami\",\"staffId\":\"purnabalami2019@gmail.com\"}','275Y2082/83','2082/83','APPROVED','bhattadipen33085@gmail.com',0),
  (22307,'GT 07871B','2026-04-12 00:00:00','NUTO-H-46','1504',30,8339.4,816,'{\"name\":\"purna Balami\",\"staffId\":\"purnabalami2019@gmail.com\"}','2026-04-12 10:00:09','2026-06-21 07:01:06','{\"name\":\"purna Balami\",\"staffId\":\"purnabalami2019@gmail.com\"}','275Y2082/83','2082/83','APPROVED','bhattadipen33085@gmail.com',0),
  (22328,'GT 07871B','2026-04-12 00:00:00','NUTO-H-46','1504',10,2779.8,806,'{\"name\":\"purna Balami\",\"staffId\":\"purnabalami2019@gmail.com\"}','2026-04-12 11:26:09','2026-06-21 07:01:06','{\"name\":\"purna Balami\",\"staffId\":\"purnabalami2019@gmail.com\"}','275Y2082/83','2082/83','APPROVED','bhattadipen33085@gmail.com',0),
  (22349,'GT 07871B','2026-04-13 00:00:00','NUTO-H-46','608',10,2779.8,796,'{\"name\":\"Debraj Timilsina\",\"staffId\":\"timilsinadebraj@gmail.com\"}','2026-04-13 10:20:29','2026-06-21 07:01:06','{\"name\":\"Debraj Timilsina\",\"staffId\":\"timilsinadebraj@gmail.com\"}','276Y2082/83','2082/83','APPROVED','bhattadipen33085@gmail.com',0),
  (22413,'GT 07871B','2026-04-14 00:00:00','NUTO-H-46','D.I',20,5559.6,696,'{\"name\":\"Debraj Timilsina\",\"staffId\":\"timilsinadebraj@gmail.com\"}','2026-04-14 09:16:03','2026-06-21 07:01:06','{\"name\":\"Debraj Timilsina\",\"staffId\":\"timilsinadebraj@gmail.com\"}','277Y2082/83','2082/83','APPROVED','bhattadipen33085@gmail.com',0),
  (22445,'GT 07871B','2026-04-14 00:00:00','NUTO-H-46','343',2,555.96,694,'{\"name\":\"Santosh Chaulagain\",\"staffId\":\"santosch492@gmail.com\"}','2026-04-14 14:17:42','2026-06-21 07:01:06','{\"name\":\"Santosh Chaulagain\",\"staffId\":\"santosch492@gmail.com\"}','277Y2082/83','2082/83','APPROVED','bhattadipen33085@gmail.com',0),
  (22615,'GT 07871B','2026-04-16 00:00:00','NUTO-H-46','1105',15,4169.7,679,'{\"name\":\"Santosh Chaulagain\",\"staffId\":\"santosch492@gmail.com\"}','2026-04-16 16:42:11','2026-06-21 07:01:06','{\"name\":\"Santosh Chaulagain\",\"staffId\":\"santosch492@gmail.com\"}','279Y2082/83','2082/83','APPROVED','bhattadipen33085@gmail.com',0),
  (22665,'GT 07871B','2026-04-17 00:00:00','NUTO-H-46','343',2,555.96,677,'{\"name\":\"Debraj Timilsina\",\"staffId\":\"timilsinadebraj@gmail.com\"}','2026-04-17 07:58:28','2026-06-21 07:01:06','{\"name\":\"Debraj Timilsina\",\"staffId\":\"timilsinadebraj@gmail.com\"}','280Y2082/83','2082/83','APPROVED','bhattadipen33085@gmail.com',0),
  (22749,'GT 07871B','2026-04-18 00:00:00','NUTO-H-46','1507',20,5559.6,657,'{\"name\":\"purna Balami\",\"staffId\":\"purnabalami2019@gmail.com\"}','2026-04-18 12:28:26','2026-06-21 07:01:06','{\"name\":\"purna Balami\",\"staffId\":\"purnabalami2019@gmail.com\"}','281Y2082/83','2082/83','APPROVED','bhattadipen33085@gmail.com',0),
  (22831,'GT 07871B','2026-04-13 00:00:00','NUTO-H-46','444',80,22238.4,716,'{\"name\":\"Anita KC\",\"staffId\":\"anitakc003@gmail.com\"}','2026-04-20 06:06:01','2026-06-21 07:01:06','{\"name\":\"Anita KC\",\"staffId\":\"anitakc003@gmail.com\"}','276Y2082/83','2082/83','APPROVED','bhattadipen33085@gmail.com',0),
  (22961,'GT 07871B','2026-04-21 00:00:00','NUTO-H-46','1504',60,16678.8,597,'{\"name\":\"Debraj Timilsina\",\"staffId\":\"timilsinadebraj@gmail.com\"}','2026-04-21 09:43:19','2026-06-21 07:01:06','{\"name\":\"Debraj Timilsina\",\"staffId\":\"timilsinadebraj@gmail.com\"}','284Y2082/83','2082/83','APPROVED','bhattadipen33085@gmail.com',0),
  (22966,'GT 07871B','2026-04-21 00:00:00','NUTO-H-46','1404',130,36137.4,467,'{\"name\":\"Debraj Timilsina\",\"staffId\":\"timilsinadebraj@gmail.com\"}','2026-04-21 09:52:11','2026-06-21 07:01:06','{\"name\":\"Debraj Timilsina\",\"staffId\":\"timilsinadebraj@gmail.com\"}','284Y2082/83','2082/83','APPROVED','bhattadipen33085@gmail.com',0),
  (23089,'GT 07871B','2026-04-23 00:00:00','NUTO-H-46','615',37,10285.3,430,'{\"name\":\"Debraj Timilsina\",\"staffId\":\"timilsinadebraj@gmail.com\"}','2026-04-23 10:10:21','2026-07-04 12:25:29','{\"name\":\"Debraj Timilsina\",\"staffId\":\"timilsinadebraj@gmail.com\"}','286Y2082/83','2082/83','APPROVED','thapatr7@gmail.com',0),
  (23091,'GT 07871B','2026-04-23 00:00:00','NUTO-H-46','1704',10,2779.8,420,'{\"name\":\"Debraj Timilsina\",\"staffId\":\"timilsinadebraj@gmail.com\"}','2026-04-23 10:10:21','2026-06-21 07:01:06','{\"name\":\"Debraj Timilsina\",\"staffId\":\"timilsinadebraj@gmail.com\"}','286Y2082/83','2082/83','APPROVED','thapatr7@gmail.com',0),
  (23111,'GT 07871B','2026-04-23 00:00:00','NUTO-H-46','427',40,11119.2,380,'{\"name\":\"Debraj Timilsina\",\"staffId\":\"timilsinadebraj@gmail.com\"}','2026-04-23 10:34:42','2026-06-21 07:01:06','{\"name\":\"Debraj Timilsina\",\"staffId\":\"timilsinadebraj@gmail.com\"}','286Y2082/83','2082/83','APPROVED','thapatr7@gmail.com',0),
  (23145,'GT 07871B','2026-04-23 00:00:00','NUTO-H-46','333',4,1111.92,376,'{\"name\":\"purna Balami\",\"staffId\":\"purnabalami2019@gmail.com\"}','2026-04-23 12:58:21','2026-06-21 07:01:06','{\"name\":\"purna Balami\",\"staffId\":\"purnabalami2019@gmail.com\"}','286Y2082/83','2082/83','APPROVED','thapatr7@gmail.com',0),
  (23220,'GT 07871B','2026-04-24 00:00:00','NUTO-H-46','428',10,2779.8,366,'{\"name\":\"Debraj Timilsina\",\"staffId\":\"timilsinadebraj@gmail.com\"}','2026-04-24 13:38:45','2026-06-21 07:01:06','{\"name\":\"Debraj Timilsina\",\"staffId\":\"timilsinadebraj@gmail.com\"}','287Y2082/83','2082/83','APPROVED','thapatr7@gmail.com',0),
  (23225,'GT 07871B','2026-04-24 00:00:00','NUTO-H-46','1405',20,5559.6,346,'{\"name\":\"Debraj Timilsina\",\"staffId\":\"timilsinadebraj@gmail.com\"}','2026-04-24 13:38:45','2026-06-21 07:01:06','{\"name\":\"Debraj Timilsina\",\"staffId\":\"timilsinadebraj@gmail.com\"}','287Y2082/83','2082/83','APPROVED','thapatr7@gmail.com',0),
  (23226,'GT 07871B','2026-04-24 00:00:00','NUTO-H-46','1508',10,2779.8,336,'{\"name\":\"Debraj Timilsina\",\"staffId\":\"timilsinadebraj@gmail.com\"}','2026-04-24 13:49:26','2026-06-21 07:01:06','{\"name\":\"Debraj Timilsina\",\"staffId\":\"timilsinadebraj@gmail.com\"}','287Y2082/83','2082/83','APPROVED','thapatr7@gmail.com',0),
  (23227,'GT 07871B','2026-04-24 00:00:00','NUTO-H-46','425',10,2779.8,326,'{\"name\":\"Debraj Timilsina\",\"staffId\":\"timilsinadebraj@gmail.com\"}','2026-04-24 13:49:26','2026-06-21 07:01:06','{\"name\":\"Debraj Timilsina\",\"staffId\":\"timilsinadebraj@gmail.com\"}','287Y2082/83','2082/83','APPROVED','thapatr7@gmail.com',0),
  (23405,'GT 07871B','2026-04-26 00:00:00','NUTO-H-46','1111',15,4169.7,311,'{\"name\":\"purna Balami\",\"staffId\":\"purnabalami2019@gmail.com\"}','2026-04-26 12:30:21','2026-06-21 07:01:06','{\"name\":\"purna Balami\",\"staffId\":\"purnabalami2019@gmail.com\"}','289Y2082/83','2082/83','APPROVED','thapatr7@gmail.com',0),
  (23406,'GT 07871B','2026-04-26 00:00:00','NUTO-H-46','1708',10,2779.8,301,'{\"name\":\"purna Balami\",\"staffId\":\"purnabalami2019@gmail.com\"}','2026-04-26 12:30:21','2026-06-21 07:01:06','{\"name\":\"purna Balami\",\"staffId\":\"purnabalami2019@gmail.com\"}','289Y2082/83','2082/83','APPROVED','thapatr7@gmail.com',0),
  (23417,'GT 07871B','2026-04-26 00:00:00','NUTO-H-46','1508',20,5559.6,281,'{\"name\":\"purna Balami\",\"staffId\":\"purnabalami2019@gmail.com\"}','2026-04-26 12:40:42','2026-06-21 07:01:06','{\"name\":\"purna Balami\",\"staffId\":\"purnabalami2019@gmail.com\"}','289Y2082/83','2082/83','APPROVED','thapatr7@gmail.com',0),
  (23546,'GT 07871B','2026-04-27 00:00:00','NUTO-H-46','1405',20,5559.6,261,'{\"name\":\"Santosh Chaulagain\",\"staffId\":\"santosch492@gmail.com\"}','2026-04-27 16:04:48','2026-06-21 07:01:06','{\"name\":\"Santosh Chaulagain\",\"staffId\":\"santosch492@gmail.com\"}','290Y2082/83','2082/83','APPROVED','thapatr7@gmail.com',0),
  (23603,'GT 07871B','2026-04-28 00:00:00','NUTO-H-46','1111',20,5559.6,241,'{\"name\":\"Santosh Chaulagain\",\"staffId\":\"santosch492@gmail.com\"}','2026-04-28 13:53:57','2026-06-21 07:01:06','{\"name\":\"Santosh Chaulagain\",\"staffId\":\"santosch492@gmail.com\"}','291Y2082/83','2082/83','APPROVED','thapatr7@gmail.com',0),
  (23631,'GT 07871B','2026-04-28 00:00:00','NUTO-H-46','1405',20,5559.6,221,'{\"name\":\"Santosh Chaulagain\",\"staffId\":\"santosch492@gmail.com\"}','2026-04-28 13:53:57','2026-06-21 07:01:06','{\"name\":\"Santosh Chaulagain\",\"staffId\":\"santosch492@gmail.com\"}','291Y2082/83','2082/83','APPROVED','thapatr7@gmail.com',0),
  (24613,'GT 07871B','2026-05-07 00:00:00','NUTO-H-46','629',55,15288.9,166,'{\"name\":\"purna Balami\",\"staffId\":\"purnabalami2019@gmail.com\"}','2026-05-07 12:47:08','2026-06-21 07:01:06','{\"name\":\"purna Balami\",\"staffId\":\"purnabalami2019@gmail.com\"}','300Y2082/83','2082/83','APPROVED','thapatr7@gmail.com',0),
  (24625,'GT 07871B','2026-05-07 00:00:00','NUTO-H-46','427',20,5559.6,146,'{\"name\":\"purna Balami\",\"staffId\":\"purnabalami2019@gmail.com\"}','2026-05-07 13:01:38','2026-06-21 07:01:06','{\"name\":\"purna Balami\",\"staffId\":\"purnabalami2019@gmail.com\"}','300Y2082/83','2082/83','APPROVED','thapatr7@gmail.com',0),
  (24775,'GT 07871B','2026-05-09 00:00:00','NUTO-H-46','1508',10,2779.8,136,'{\"name\":\"purna Balami\",\"staffId\":\"purnabalami2019@gmail.com\"}','2026-05-09 11:33:48','2026-06-21 07:01:06','{\"name\":\"purna Balami\",\"staffId\":\"purnabalami2019@gmail.com\"}','302Y2082/83','2082/83','APPROVED','thapatr7@gmail.com',0),
  (24776,'GT 07871B','2026-05-09 00:00:00','NUTO-H-46','1704',5,1389.9,131,'{\"name\":\"purna Balami\",\"staffId\":\"purnabalami2019@gmail.com\"}','2026-05-09 11:33:48','2026-06-21 07:01:06','{\"name\":\"purna Balami\",\"staffId\":\"purnabalami2019@gmail.com\"}','302Y2082/83','2082/83','APPROVED','thapatr7@gmail.com',0),
  (24777,'GT 07871B','2026-05-09 00:00:00','NUTO-H-46','1509',5,1389.9,126,'{\"name\":\"purna Balami\",\"staffId\":\"purnabalami2019@gmail.com\"}','2026-05-09 11:33:48','2026-06-21 07:01:06','{\"name\":\"purna Balami\",\"staffId\":\"purnabalami2019@gmail.com\"}','302Y2082/83','2082/83','APPROVED','thapatr7@gmail.com',0),
  (24778,'GT 07871B','2026-05-09 00:00:00','NUTO-H-46','341',1,277.98,125,'{\"name\":\"purna Balami\",\"staffId\":\"purnabalami2019@gmail.com\"}','2026-05-09 11:33:48','2026-06-21 07:01:06','{\"name\":\"purna Balami\",\"staffId\":\"purnabalami2019@gmail.com\"}','302Y2082/83','2082/83','APPROVED','thapatr7@gmail.com',0),
  (24865,'GT 07871B','2026-05-10 00:00:00','NUTO-H-46','1508',10,2779.8,75,'{\"name\":\"purna Balami\",\"staffId\":\"purnabalami2019@gmail.com\"}','2026-05-10 11:41:54','2026-06-21 07:01:06','{\"name\":\"purna Balami\",\"staffId\":\"purnabalami2019@gmail.com\"}','303Y2082/83','2082/83','APPROVED','thapatr7@gmail.com',0),
  (24869,'GT 07871B','2026-05-10 00:00:00','NUTO-H-46','1504',30,8339.4,45,'{\"name\":\"purna Balami\",\"staffId\":\"purnabalami2019@gmail.com\"}','2026-05-10 11:41:54','2026-06-21 07:01:06','{\"name\":\"purna Balami\",\"staffId\":\"purnabalami2019@gmail.com\"}','303Y2082/83','2082/83','APPROVED','thapatr7@gmail.com',0),
  (24948,'GT 07871B','2026-05-11 00:00:00','NUTO-H-46','1505',10,2779.8,35,'{\"name\":\"purna Balami\",\"staffId\":\"purnabalami2019@gmail.com\"}','2026-05-11 12:02:09','2026-06-21 07:01:06','{\"name\":\"purna Balami\",\"staffId\":\"purnabalami2019@gmail.com\"}','304Y2082/83','2082/83','APPROVED','thapatr7@gmail.com',0),
  (25152,'GT 07871B','2026-05-09 00:00:00','NUTO-H-46','1504',40,11119.2,85,'{\"name\":\"Anita KC\",\"staffId\":\"anitakc003@gmail.com\"}','2026-05-14 06:03:44','2026-06-21 07:01:06','{\"name\":\"Anita KC\",\"staffId\":\"anitakc003@gmail.com\"}','302Y2082/83','2082/83','APPROVED','thapatr7@gmail.com',0),
  (25183,'GT 07871B','2026-05-14 00:00:00','NUTO-H-46','1102',20,5559.6,15,'{\"name\":\"purna Balami\",\"staffId\":\"purnabalami2019@gmail.com\"}','2026-05-14 17:26:44','2026-06-21 07:01:06','{\"name\":\"purna Balami\",\"staffId\":\"purnabalami2019@gmail.com\"}','307Y2082/83','2082/83','APPROVED','thapatr7@gmail.com',0),
  (25314,'GT 07871B','2026-05-15 00:00:00','NUTO-H-46','343',1,277.98,14,'{\"name\":\"Santosh Chaulagain\",\"staffId\":\"santosch492@gmail.com\"}','2026-05-15 15:55:22','2026-06-21 07:01:06','{\"name\":\"Santosh Chaulagain\",\"staffId\":\"santosch492@gmail.com\"}','308Y2082/83','2082/83','APPROVED','thapatr7@gmail.com',0),
  (25436,'GT 07871B','2026-05-17 00:00:00','NUTO-H-46','1508',20,5559.6,0,'{\"name\":\"Santosh Chaulagain\",\"staffId\":\"santosch492@gmail.com\"}','2026-05-17 13:44:30','2026-06-21 07:01:06','{\"name\":\"Santosh Chaulagain\",\"staffId\":\"santosch492@gmail.com\"}','310Y2082/83','2082/83','APPROVED','thapatr7@gmail.com',0),
  (25445,'GT 07871B','2026-05-17 00:00:00','NUTO-H-46','631',60,16678.8,0,'{\"name\":\"Santosh Chaulagain\",\"staffId\":\"santosch492@gmail.com\"}','2026-05-17 13:44:30','2026-06-21 07:01:06','{\"name\":\"Santosh Chaulagain\",\"staffId\":\"santosch492@gmail.com\"}','310Y2082/83','2082/83','APPROVED','thapatr7@gmail.com',0),
  (25501,'GT 07871B','2026-05-18 00:00:00','NUTO-H-46','1508',20,5559.6,0,'{\"name\":\"Santosh Chaulagain\",\"staffId\":\"santosch492@gmail.com\"}','2026-05-18 15:35:57','2026-06-21 07:01:06','{\"name\":\"Santosh Chaulagain\",\"staffId\":\"santosch492@gmail.com\"}','311Y2082/83','2082/83','APPROVED','thapatr7@gmail.com',0),
  (25516,'GT 07871B','2026-05-18 00:00:00','NUTO-H-46','424',5,1389.9,0,'{\"name\":\"Santosh Chaulagain\",\"staffId\":\"santosch492@gmail.com\"}','2026-05-18 15:35:57','2026-06-21 07:01:06','{\"name\":\"Santosh Chaulagain\",\"staffId\":\"santosch492@gmail.com\"}','311Y2082/83','2082/83','APPROVED','thapatr7@gmail.com',0),
  (25517,'GT 07871B','2026-05-18 00:00:00','NUTO-H-46','429',5,1389.9,0,'{\"name\":\"Santosh Chaulagain\",\"staffId\":\"santosch492@gmail.com\"}','2026-05-18 15:35:57','2026-06-21 07:01:06','{\"name\":\"Santosh Chaulagain\",\"staffId\":\"santosch492@gmail.com\"}','311Y2082/83','2082/83','APPROVED','thapatr7@gmail.com',0),
  (25655,'GT 07871B','2026-05-19 00:00:00','NUTO-H-46','1102',10,2779.8,0,'{\"name\":\"Santosh Chaulagain\",\"staffId\":\"santosch492@gmail.com\"}','2026-05-19 15:24:26','2026-06-21 07:01:06','{\"name\":\"Santosh Chaulagain\",\"staffId\":\"santosch492@gmail.com\"}','312Y2082/83','2082/83','APPROVED','thapatr7@gmail.com',0),
  (25713,'GT 07871B','2026-05-20 00:00:00','NUTO-H-46','1111',10,2779.8,0,'{\"name\":\"Santosh Chaulagain\",\"staffId\":\"santosch492@gmail.com\"}','2026-05-20 14:33:55','2026-06-21 07:01:06','{\"name\":\"Santosh Chaulagain\",\"staffId\":\"santosch492@gmail.com\"}','313Y2082/83','2082/83','APPROVED','thapatr7@gmail.com',0),
  (25721,'GT 07871B','2026-05-20 00:00:00','NUTO-H-46','1703',20,5559.6,0,'{\"name\":\"Santosh Chaulagain\",\"staffId\":\"santosch492@gmail.com\"}','2026-05-20 14:33:55','2026-06-21 07:01:06','{\"name\":\"Santosh Chaulagain\",\"staffId\":\"santosch492@gmail.com\"}','313Y2082/83','2082/83','APPROVED','thapatr7@gmail.com',0),
  (25728,'GT 07871B','2026-05-20 00:00:00','NUTO-H-46','429',10,2779.8,0,'{\"name\":\"Santosh Chaulagain\",\"staffId\":\"santosch492@gmail.com\"}','2026-05-20 14:33:55','2026-06-21 07:01:06','{\"name\":\"Santosh Chaulagain\",\"staffId\":\"santosch492@gmail.com\"}','313Y2082/83','2082/83','APPROVED','thapatr7@gmail.com',0),
  (25738,'GT 07871B','2026-05-20 00:00:00','NUTO-H-46','205',40,11119.2,0,'{\"name\":\"Santosh Chaulagain\",\"staffId\":\"santosch492@gmail.com\"}','2026-05-20 16:36:10','2026-06-21 07:01:06','{\"name\":\"Santosh Chaulagain\",\"staffId\":\"santosch492@gmail.com\"}','313Y2082/83','2082/83','APPROVED','thapatr7@gmail.com',0),
  (25739,'GT 07871B','2026-05-20 00:00:00','NUTO-H-46','206',35,9729.3,0,'{\"name\":\"Santosh Chaulagain\",\"staffId\":\"santosch492@gmail.com\"}','2026-05-20 16:36:10','2026-06-21 07:01:06','{\"name\":\"Santosh Chaulagain\",\"staffId\":\"santosch492@gmail.com\"}','313Y2082/83','2082/83','APPROVED','thapatr7@gmail.com',0),
  (25996,'GT 07871B','2026-05-23 00:00:00','NUTO-H-46','353',20,5559.6,0,'{\"name\":\"Santosh Chaulagain\",\"staffId\":\"santosch492@gmail.com\"}','2026-05-23 12:35:15','2026-06-21 07:01:06','{\"name\":\"Santosh Chaulagain\",\"staffId\":\"santosch492@gmail.com\"}','316Y2082/83','2082/83','APPROVED','thapatr7@gmail.com',0),
  (26018,'GT 07871B','2026-05-23 00:00:00','NUTO-H-46','1704',10,2779.8,0,'{\"name\":\"purna Balami\",\"staffId\":\"purnabalami2019@gmail.com\"}','2026-05-23 12:46:27','2026-06-21 07:01:06','{\"name\":\"purna Balami\",\"staffId\":\"purnabalami2019@gmail.com\"}','316Y2082/83','2082/83','APPROVED','thapatr7@gmail.com',0),
  (26019,'GT 07871B','2026-05-23 00:00:00','NUTO-H-46','1509',10,2779.8,0,'{\"name\":\"purna Balami\",\"staffId\":\"purnabalami2019@gmail.com\"}','2026-05-23 12:46:27','2026-06-21 07:01:06','{\"name\":\"purna Balami\",\"staffId\":\"purnabalami2019@gmail.com\"}','316Y2082/83','2082/83','APPROVED','thapatr7@gmail.com',0),
  (26181,'GT 07871B','2026-05-26 00:00:00','NUTO-H-46','1509',20,5559.6,0,'{\"name\":\"purna Balami\",\"staffId\":\"purnabalami2019@gmail.com\"}','2026-05-26 13:42:29','2026-06-21 07:01:06','{\"name\":\"purna Balami\",\"staffId\":\"purnabalami2019@gmail.com\"}','319Y2082/83','2082/83','APPROVED','thapatr7@gmail.com',0),
  (26314,'GT 07871B','2026-05-27 00:00:00','NUTO-H-46','1102',5,1389.9,0,'{\"name\":\"purna Balami\",\"staffId\":\"purnabalami2019@gmail.com\"}','2026-05-27 14:10:55','2026-06-21 07:01:06','{\"name\":\"purna Balami\",\"staffId\":\"purnabalami2019@gmail.com\"}','320Y2082/83','2082/83','APPROVED','thapatr7@gmail.com',0),
  (26341,'GT 07871B','2026-05-28 00:00:00','NUTO-H-46','507',10,2779.8,0,'{\"name\":\"Debraj Timilsina\",\"staffId\":\"timilsinadebraj@gmail.com\"}','2026-05-28 04:32:14','2026-06-21 07:01:06','{\"name\":\"Debraj Timilsina\",\"staffId\":\"timilsinadebraj@gmail.com\"}','321Y2082/83','2082/83','APPROVED','thapatr7@gmail.com',0),
  (26420,'GT 07871B','2026-05-29 00:00:00','NUTO-H-46','DI',40,11119.2,0,'{\"name\":\"purna Balami\",\"staffId\":\"purnabalami2019@gmail.com\"}','2026-05-29 12:42:14','2026-06-21 07:01:06','{\"name\":\"purna Balami\",\"staffId\":\"purnabalami2019@gmail.com\"}','322Y2082/83','2082/83','APPROVED','bhattadipen33085@gmail.com',0),
  (26575,'GT 07871B','2026-05-31 00:00:00','NUTO-H-46','D.I',5,1389.9,0,'{\"name\":\"Debraj Timilsina\",\"staffId\":\"timilsinadebraj@gmail.com\"}','2026-05-31 04:37:50','2026-06-21 07:01:06','{\"name\":\"Debraj Timilsina\",\"staffId\":\"timilsinadebraj@gmail.com\"}','324Y2082/83','2082/83','APPROVED','bhattadipen33085@gmail.com',0),
  (26604,'GT 07871B','2026-05-31 00:00:00','NUTO-H-46','430',5,1389.9,0,'{\"name\":\"Debraj Timilsina\",\"staffId\":\"timilsinadebraj@gmail.com\"}','2026-05-31 05:32:03','2026-06-21 07:01:06','{\"name\":\"Debraj Timilsina\",\"staffId\":\"timilsinadebraj@gmail.com\"}','324Y2082/83','2082/83','APPROVED','bhattadipen33085@gmail.com',0),
  (26605,'GT 07871B','2026-05-31 00:00:00','NUTO-H-46','609',10,2779.8,0,'{\"name\":\"Debraj Timilsina\",\"staffId\":\"timilsinadebraj@gmail.com\"}','2026-05-31 05:32:03','2026-06-21 07:01:06','{\"name\":\"Debraj Timilsina\",\"staffId\":\"timilsinadebraj@gmail.com\"}','324Y2082/83','2082/83','APPROVED','bhattadipen33085@gmail.com',0),
  (26715,'GT 07871B','2026-06-01 00:00:00','NUTO-H-46','422',15,4169.7,0,'{\"name\":\"purna Balami\",\"staffId\":\"purnabalami2019@gmail.com\"}','2026-06-01 13:20:38','2026-06-21 07:01:06','{\"name\":\"purna Balami\",\"staffId\":\"purnabalami2019@gmail.com\"}','325Y2082/83','2082/83','APPROVED','bhattadipen33085@gmail.com',0),
  (26740,'GT 07871B','2025-12-12 00:00:00','NUTO-H-46','1005',75,20848.5,0,'{\"name\":\"Anita KC\",\"staffId\":\"anitakc003@gmail.com\"}','2026-06-02 08:08:07','2026-06-21 07:01:06','{\"name\":\"Anita KC\",\"staffId\":\"anitakc003@gmail.com\"}','154Y2082/83','2082/83','APPROVED','thapatr7@gmail.com',0),
  (26741,'GT 07871B','2025-12-12 00:00:00','NUTO-H-46','1003',87,24184.3,0,'{\"name\":\"Anita KC\",\"staffId\":\"anitakc003@gmail.com\"}','2026-06-02 08:08:07','2026-07-04 12:25:29','{\"name\":\"Anita KC\",\"staffId\":\"anitakc003@gmail.com\"}','154Y2082/83','2082/83','APPROVED','thapatr7@gmail.com',0),
  (26742,'GT 07871B','2025-12-12 00:00:00','NUTO-H-46','622',75,20848.5,0,'{\"name\":\"Anita KC\",\"staffId\":\"anitakc003@gmail.com\"}','2026-06-02 08:08:07','2026-06-21 07:01:06','{\"name\":\"Anita KC\",\"staffId\":\"anitakc003@gmail.com\"}','154Y2082/83','2082/83','APPROVED','thapatr7@gmail.com',0),
  (26743,'GT 07871B','2025-12-12 00:00:00','NUTO-H-46','621',75,20848.5,0,'{\"name\":\"Anita KC\",\"staffId\":\"anitakc003@gmail.com\"}','2026-06-02 08:08:07','2026-06-21 07:01:06','{\"name\":\"Anita KC\",\"staffId\":\"anitakc003@gmail.com\"}','154Y2082/83','2082/83','APPROVED','thapatr7@gmail.com',0),
  (26744,'GT 07871B','2025-12-12 00:00:00','NUTO-H-46','614',55,15288.9,0,'{\"name\":\"Anita KC\",\"staffId\":\"anitakc003@gmail.com\"}','2026-06-02 08:08:07','2026-06-21 07:01:06','{\"name\":\"Anita KC\",\"staffId\":\"anitakc003@gmail.com\"}','154Y2082/83','2082/83','APPROVED','thapatr7@gmail.com',0),
  (26745,'GT 07871B','2025-12-12 00:00:00','NUTO-H-46','1108',45,12509.1,0,'{\"name\":\"Anita KC\",\"staffId\":\"anitakc003@gmail.com\"}','2026-06-02 08:08:07','2026-06-21 07:01:06','{\"name\":\"Anita KC\",\"staffId\":\"anitakc003@gmail.com\"}','154Y2082/83','2082/83','APPROVED','thapatr7@gmail.com',0),
  (26940,'GT 07871B','2026-06-04 00:00:00','NUTO-H-46','1111',5,1389.9,0,'{\"name\":\"purna Balami\",\"staffId\":\"purnabalami2019@gmail.com\"}','2026-06-04 12:01:55','2026-06-21 07:01:06','{\"name\":\"purna Balami\",\"staffId\":\"purnabalami2019@gmail.com\"}','328Y2082/83','2082/83','APPROVED','bhattadipen33085@gmail.com',0),
  (26953,'GT 07871B','2026-06-04 00:00:00','NUTO-H-46','329',1,277.98,0,'{\"name\":\"purna Balami\",\"staffId\":\"purnabalami2019@gmail.com\"}','2026-06-04 12:40:04','2026-06-21 07:01:06','{\"name\":\"purna Balami\",\"staffId\":\"purnabalami2019@gmail.com\"}','328Y2082/83','2082/83','APPROVED','bhattadipen33085@gmail.com',0),
  (27021,'GT 07871B','2026-06-05 00:00:00','NUTO-H-46','1102',25,6949.5,0,'{\"name\":\"purna Balami\",\"staffId\":\"purnabalami2019@gmail.com\"}','2026-06-07 14:00:47','2026-06-21 07:01:06','{\"name\":\"purna Balami\",\"staffId\":\"purnabalami2019@gmail.com\"}','329Y2082/83','2082/83','APPROVED','thapatr7@gmail.com',0),
  (27097,'GT 07871B','2026-06-06 00:00:00','NUTO-H-46','1507',18,5003.64,0,'{\"name\":\"purna Balami\",\"staffId\":\"purnabalami2019@gmail.com\"}','2026-06-07 15:20:23','2026-06-21 07:01:06','{\"name\":\"purna Balami\",\"staffId\":\"purnabalami2019@gmail.com\"}','330Y2082/83','2082/83','APPROVED','thapatr7@gmail.com',0),
  (27784,'GT 07871B','2026-06-14 00:00:00','NUTO-H-46','1505',10,2779.8,830,'{\"name\":\"Santosh Chaulagain\",\"staffId\":\"santosch492@gmail.com\"}','2026-06-14 03:37:41','2026-06-21 07:01:06','{\"name\":\"Santosh Chaulagain\",\"staffId\":\"santosch492@gmail.com\"}','338Y2082/83','2082/83','APPROVED','thapatr7@gmail.com',0),
  (27917,'GT 07871B','2026-06-15 00:00:00','NUTO-H-46','1509',150,41697,680,'{\"name\":\"Santosh Chaulagain\",\"staffId\":\"santosch492@gmail.com\"}','2026-06-15 16:00:11','2026-06-21 07:01:06','{\"name\":\"Santosh Chaulagain\",\"staffId\":\"santosch492@gmail.com\"}','339Y2082/83','2082/83','APPROVED','thapatr7@gmail.com',0),
  (28094,'GT 07871B','2026-06-17 00:00:00','NUTO-H-46','1102',10,2779.8,670,'{\"name\":\"Santosh Chaulagain\",\"staffId\":\"santosch492@gmail.com\"}','2026-06-17 13:27:11','2026-06-21 07:01:06','{\"name\":\"Santosh Chaulagain\",\"staffId\":\"santosch492@gmail.com\"}','341Y2082/83','2082/83','APPROVED','thapatr7@gmail.com',0),
  (28189,'GT 07871B','2026-06-18 00:00:00','NUTO-H-46','422',80,22238.4,590,'{\"name\":\"purna Balami\",\"staffId\":\"purnabalami2019@gmail.com\"}','2026-06-18 12:56:12','2026-06-21 07:01:06','{\"name\":\"purna Balami\",\"staffId\":\"purnabalami2019@gmail.com\"}','342Y2082/83','2082/83','APPROVED','thapatr7@gmail.com',0),
  (28195,'GT 07871B','2026-06-18 00:00:00','NUTO-H-46','1102',13,3613.74,577,'{\"name\":\"Santosh Chaulagain\",\"staffId\":\"santosch492@gmail.com\"}','2026-06-18 16:00:58','2026-06-21 07:01:06','{\"name\":\"Santosh Chaulagain\",\"staffId\":\"santosch492@gmail.com\"}','342Y2082/83','2082/83','APPROVED','thapatr7@gmail.com',0),
  (28210,'GT 07871B','2026-06-18 00:00:00','NUTO-H-46','421',80,22238.4,497,'{\"name\":\"Santosh Chaulagain\",\"staffId\":\"santosch492@gmail.com\"}','2026-06-18 16:00:58','2026-06-21 07:01:06','{\"name\":\"Santosh Chaulagain\",\"staffId\":\"santosch492@gmail.com\"}','342Y2082/83','2082/83','APPROVED','thapatr7@gmail.com',0),
  (28211,'GT 07871B','2026-06-18 00:00:00','NUTO-H-46','1507',30,8339.4,467,'{\"name\":\"Santosh Chaulagain\",\"staffId\":\"santosch492@gmail.com\"}','2026-06-18 16:00:58','2026-06-21 07:01:06','{\"name\":\"Santosh Chaulagain\",\"staffId\":\"santosch492@gmail.com\"}','342Y2082/83','2082/83','APPROVED','thapatr7@gmail.com',0),
  (28226,'GT 07871B','2026-06-18 00:00:00','NUTO-H-46','1507',20,5559.6,447,'{\"name\":\"Santosh Chaulagain\",\"staffId\":\"santosch492@gmail.com\"}','2026-06-18 16:00:58','2026-06-21 07:01:06','{\"name\":\"Santosh Chaulagain\",\"staffId\":\"santosch492@gmail.com\"}','342Y2082/83','2082/83','APPROVED','thapatr7@gmail.com',0),
  (28368,'GT 07871B','2026-06-20 00:00:00','NUTO-H-46','1506',20,5559.6,427,'{\"name\":\"Santosh Chaulagain\",\"staffId\":\"santosch492@gmail.com\"}','2026-06-20 12:18:37','2026-06-22 04:15:50','{\"name\":\"Santosh Chaulagain\",\"staffId\":\"santosch492@gmail.com\"}','344Y2082/83','2082/83','APPROVED','thapatr7@gmail.com',0),
  (28371,'GT 07871B','2026-06-20 00:00:00','NUTO-H-46','328',1,277.98,426,'{\"name\":\"Santosh Chaulagain\",\"staffId\":\"santosch492@gmail.com\"}','2026-06-20 12:18:37','2026-06-22 04:15:50','{\"name\":\"Santosh Chaulagain\",\"staffId\":\"santosch492@gmail.com\"}','344Y2082/83','2082/83','APPROVED','thapatr7@gmail.com',0),
  (28379,'GT 07871B','2026-06-20 00:00:00','NUTO-H-46','1111',5,1389.9,421,'{\"name\":\"purna Balami\",\"staffId\":\"purnabalami2019@gmail.com\"}','2026-06-20 12:47:09','2026-06-22 04:15:50','{\"name\":\"purna Balami\",\"staffId\":\"purnabalami2019@gmail.com\"}','344Y2082/83','2082/83','APPROVED','thapatr7@gmail.com',0),
  (28467,'GT 07871B','2026-06-21 00:00:00','NUTO-H-46','627',60,16685.2,361,'{\"name\":\"Santosh Chaulagain\",\"staffId\":\"santosch492@gmail.com\"}','2026-06-21 16:08:42','2026-07-04 12:25:29','{\"name\":\"Santosh Chaulagain\",\"staffId\":\"santosch492@gmail.com\"}','345Y2082/83','2082/83','APPROVED','thapatr7@gmail.com',0),
  (28492,'GT 07871B','2026-06-22 00:00:00','NUTO-H-46','1509',10,2780.93,351,'{\"name\":\"Debraj Timilsina\",\"staffId\":\"timilsinadebraj@gmail.com\"}','2026-06-22 12:20:04','2026-06-23 05:45:41','{\"name\":\"Debraj Timilsina\",\"staffId\":\"timilsinadebraj@gmail.com\"}','346Y2082/83','2082/83','APPROVED','thapatr7@gmail.com',0),
  (28684,'GT 07871B','2026-06-25 00:00:00','NUTO-H-46','2401',20,5561.86,311,'{\"name\":\"purna Balami\",\"staffId\":\"purnabalami2019@gmail.com\"}','2026-06-25 15:35:50','2026-06-28 10:04:37','{\"name\":\"purna Balami\",\"staffId\":\"purnabalami2019@gmail.com\"}','349Y2082/83','2082/83','APPROVED','thapatr7@gmail.com',0),
  (28721,'GT 07871B','2026-06-25 00:00:00','NUTO-H-46','1111',5,1390.46,306,'{\"name\":\"purna Balami\",\"staffId\":\"purnabalami2019@gmail.com\"}','2026-06-25 16:00:39','2026-07-04 12:25:29','{\"name\":\"purna Balami\",\"staffId\":\"purnabalami2019@gmail.com\"}','349Y2082/83','2082/83','APPROVED','thapatr7@gmail.com',0),
  (28747,'GT 07871B','2026-06-26 00:00:00','NUTO-H-46','MGSEM',20,5561.86,276,'{\"name\":\"purna Balami\",\"staffId\":\"purnabalami2019@gmail.com\"}','2026-06-26 12:30:22','2026-06-28 10:04:37','{\"name\":\"purna Balami\",\"staffId\":\"purnabalami2019@gmail.com\"}','350Y2082/83','2082/83','APPROVED','thapatr7@gmail.com',0),
  (28774,'GT 07871B','2026-06-25 00:00:00','NUTO-H-46','1508',10,2780.93,296,'{\"name\":\"Santosh Chaulagain\",\"staffId\":\"santosch492@gmail.com\"}','2026-06-26 12:49:01','2026-06-28 10:04:37','{\"name\":\"Santosh Chaulagain\",\"staffId\":\"santosch492@gmail.com\"}','349Y2082/83','2082/83','APPROVED','thapatr7@gmail.com',0),
  (28801,'GT 07871B','2026-06-27 00:00:00','NUTO-H-46','1704',10,2780.93,266,'{\"name\":\"purna Balami\",\"staffId\":\"purnabalami2019@gmail.com\"}','2026-06-27 12:15:22','2026-06-28 10:04:37','{\"name\":\"purna Balami\",\"staffId\":\"purnabalami2019@gmail.com\"}','351Y2082/83','2082/83','APPROVED','thapatr7@gmail.com',0),
  (28860,'GT 07871B','2026-06-23 00:00:00','NUTO-H-46','1507',20,5561.86,331,'{\"name\":\"Anita KC\",\"staffId\":\"anitakc003@gmail.com\"}','2026-06-28 10:04:37','2026-06-29 05:22:40','{\"name\":\"Anita KC\",\"staffId\":\"anitakc003@gmail.com\"}','347Y2082/83','2082/83','APPROVED','thapatr7@gmail.com',0),
  (28891,'GT 07871B','2026-06-28 00:00:00','NUTO-H-46','1505',20,5561.86,206,'{\"name\":\"purna Balami\",\"staffId\":\"purnabalami2019@gmail.com\"}','2026-06-28 12:54:16','2026-06-29 16:05:32','{\"name\":\"purna Balami\",\"staffId\":\"purnabalami2019@gmail.com\"}','352Y2082/83','2082/83','APPROVED','thapatr7@gmail.com',0),
  (28994,'GT 07871B','2026-06-29 00:00:00','NUTO-H-46','1505',10,2780.93,196,'{\"name\":\"purna Balami\",\"staffId\":\"purnabalami2019@gmail.com\"}','2026-06-29 12:35:01','2026-06-30 04:46:48','{\"name\":\"purna Balami\",\"staffId\":\"purnabalami2019@gmail.com\"}','353Y2082/83','2082/83','APPROVED','thapatr7@gmail.com',0),
  (28998,'GT 07871B','2026-06-29 00:00:00','NUTO-H-46','1704',20,5561.86,176,'{\"name\":\"purna Balami\",\"staffId\":\"purnabalami2019@gmail.com\"}','2026-06-29 12:35:01','2026-06-30 04:46:48','{\"name\":\"purna Balami\",\"staffId\":\"purnabalami2019@gmail.com\"}','353Y2082/83','2082/83','APPROVED','thapatr7@gmail.com',0),
  (28999,'GT 07871B','2026-06-29 00:00:00','NUTO-H-46','429',10,2780.93,166,'{\"name\":\"purna Balami\",\"staffId\":\"purnabalami2019@gmail.com\"}','2026-06-29 12:35:01','2026-06-30 04:46:48','{\"name\":\"purna Balami\",\"staffId\":\"purnabalami2019@gmail.com\"}','353Y2082/83','2082/83','APPROVED','thapatr7@gmail.com',0),
  (29033,'GT 07871B','2026-06-27 00:00:00','NUTO-H-46','417',10,2780.93,256,'{\"name\":\"purna Balami\",\"staffId\":\"purnabalami2019@gmail.com\"}','2026-06-29 15:26:02','2026-06-30 04:47:02','{\"name\":\"purna Balami\",\"staffId\":\"purnabalami2019@gmail.com\"}','351Y2082/83','2082/83','APPROVED','thapatr7@gmail.com',0),
  (29046,'GT 07871B','2026-06-27 00:00:00','NUTO-H-46','616',10,2780.93,246,'{\"name\":\"purna Balami\",\"staffId\":\"purnabalami2019@gmail.com\"}','2026-06-29 15:44:31','2026-06-30 04:47:02','{\"name\":\"purna Balami\",\"staffId\":\"purnabalami2019@gmail.com\"}','351Y2082/83','2082/83','APPROVED','thapatr7@gmail.com',0),
  (29050,'GT 07871B','2026-06-27 00:00:00','NUTO-H-46','617',10,2780.93,236,'{\"name\":\"purna Balami\",\"staffId\":\"purnabalami2019@gmail.com\"}','2026-06-29 15:44:31','2026-06-30 04:47:02','{\"name\":\"purna Balami\",\"staffId\":\"purnabalami2019@gmail.com\"}','351Y2082/83','2082/83','APPROVED','thapatr7@gmail.com',0),
  (29060,'GT 07871B','2026-06-27 00:00:00','NUTO-H-46','1109',10,2780.93,226,'{\"name\":\"purna Balami\",\"staffId\":\"purnabalami2019@gmail.com\"}','2026-06-29 16:05:31','2026-06-30 04:47:02','{\"name\":\"purna Balami\",\"staffId\":\"purnabalami2019@gmail.com\"}','351Y2082/83','2082/83','APPROVED','thapatr7@gmail.com',0),
  (29128,'GT 07871B','2026-06-30 00:00:00','NUTO-H-46','MGSEM',10,2780.93,156,'{\"name\":\"purna Balami\",\"staffId\":\"purnabalami2019@gmail.com\"}','2026-06-30 15:43:19','2026-07-01 04:58:39','{\"name\":\"purna Balami\",\"staffId\":\"purnabalami2019@gmail.com\"}','354Y2082/83','2082/83','APPROVED','thapatr7@gmail.com',0),
  (29433,'GT 07871B','2026-07-04 00:00:00','NUTO-H-46','MGSEM',10,2780.93,146,'{\"name\":\"purna Balami\",\"staffId\":\"purnabalami2019@gmail.com\"}','2026-07-04 12:25:29','2026-07-05 06:20:55','{\"name\":\"purna Balami\",\"staffId\":\"purnabalami2019@gmail.com\"}','358Y2082/83','2082/83','APPROVED','thapatr7@gmail.com',0);

-- ---------------------------------------------------------------------------
-- transaction_details: 0 row(s)
-- ---------------------------------------------------------------------------
-- (no rows for GT 07871B in dump)

-- ---------------------------------------------------------------------------
-- rrp_details linked to restored receives: 8 row(s)
-- ---------------------------------------------------------------------------
INSERT IGNORE INTO `rrp_details` (`id`, `receive_fk`, `rrp_number`, `supplier_name`, `date`, `currency`, `forex_rate`, `item_price`, `customs_charge`, `customs_date`, `customs_number`, `freight_charge`, `customs_service_charge`, `vat_percentage`, `invoice_number`, `invoice_date`, `po_number`, `total_amount`, `airway_bill_number`, `inspection_details`, `current_fy`, `approval_status`, `created_by`, `created_at`, `approved_by`, `rejected_by`, `rejection_reason`, `updated_at`, `reference_doc`, `asset_receive_fk`, `asset_fk`, `forex_rate_2`, `po_date`, `contract_identification_number`, `transportation_other_charges`, `vat_amount_purchase_currency`, `rrp_category`, `capital_item_data`) VALUES
  (36,46,'L027T1','BPS Petroleum Limited','2025-08-13','NPR',1.00,258300.00,0.00,NULL,NULL,0.00,0.00,13.00,'BSB-0037-82/83','2025-08-13',NULL,291879.00,NULL,'{\"inspection_user\":\"Suman Timila,Manager, MTS\",\"inspection_details\":{}}','2082/83','APPROVED','santosch492@gmail.com','2025-08-14 11:30:48','bhattadipen33085@gmail.com',NULL,NULL,'2025-08-25 08:06:02','/images/rrp/rrp-reference-L027T1.jpg',NULL,NULL,NULL,NULL,NULL,NULL,NULL,'spare',NULL),
  (179,225,'L102T1','BPS Petroleum Limited','2025-09-23','NPR',1.00,309960.00,0.00,NULL,NULL,0.00,0.00,13.00,'BSB-0114-82/83','2025-09-19',NULL,350254.80,NULL,'{\"inspection_user\":\"Dinesh Kumar shah,In-charge, MGSEM\",\"inspection_details\":{}}','2082/83','APPROVED','santosch492@gmail.com','2025-09-25 12:10:55','bhattadipen33085@gmail.com',NULL,NULL,'2026-04-10 06:37:35','/images/rrp/rrp-reference-L102T1.pdf',NULL,NULL,NULL,NULL,NULL,NULL,NULL,'spare',NULL),
  (250,307,'L147T1','BPS Petroleum Limited','2025-10-29','NPR',1.00,309960.00,0.00,NULL,NULL,0.00,0.00,13.00,'BSB-0164-82/83','2025-10-29',NULL,350254.80,NULL,'{\"inspection_user\":\"Dinesh Kumar shah,In-charge, MGSEM\",\"inspection_details\":{}}','2082/83','APPROVED','santosch492@gmail.com','2025-10-30 15:23:59','bhattadipen33085@gmail.com',NULL,NULL,'2025-11-12 09:06:37','/images/rrp/rrp-reference-L147T1.pdf',NULL,NULL,NULL,NULL,NULL,NULL,NULL,'spare',NULL),
  (446,500,'L236T1','BPS Petroleum Limited','2025-12-14','NPR',1.00,309960.00,0.00,NULL,NULL,0.00,0.00,13.00,'BSB-0255-82/83','2025-12-14',NULL,350254.80,NULL,'{\"inspection_user\":\"Dinesh Kumar shah,In-charge, MGSEM\",\"inspection_details\":{\"inspection_user\":\"Dinesh Kumar shah,In-charge, MGSEM\",\"names\":[\"Dinesh Kumar shah\"],\"designations\":[\"In-charge, MGSEM\"],\"from_requested_by\":false,\"includes_manual\":true}}','2082/83','APPROVED','santosch492@gmail.com','2025-12-17 16:51:38','bhattadipen33085@gmail.com',NULL,NULL,'2025-12-31 14:31:09','/images/rrp/rrp-reference-L236T1.pdf',NULL,NULL,NULL,NULL,NULL,NULL,NULL,'spare',NULL),
  (581,631,'L299T1','BPS Petroleum Limited','2026-01-20',NULL,NULL,258300.00,0.00,NULL,NULL,0.00,0.00,13.00,'BSB-0314-82/83','2026-01-20',NULL,291879.00,NULL,'{\"inspection_user\":\"Dinesh Kumar shah,In-charge, MGSEM\"}','2082/83','APPROVED','anitakc003@gmail.com','2026-01-25 07:58:26','bhattadipen33085@gmail.com',NULL,NULL,'2026-02-03 16:16:56','/images/rrp/rrp-reference-L299T1.pdf',NULL,NULL,NULL,NULL,NULL,NULL,NULL,'spare',NULL),
  (637,699,'L328T1','BPS Petroleum Limited','2026-02-06','NPR',1.00,258300.00,0.00,NULL,NULL,0.00,0.00,13.00,'BSB-0332-82/83','2026-02-04',NULL,291879.00,NULL,'{\"inspection_user\":\"Dinesh Kumar shah,In-charge, MGSEM\",\"inspection_details\":{\"inspection_user\":\"Dinesh Kumar shah,In-charge, MGSEM\",\"names\":[\"Dinesh Kumar shah\"],\"designations\":[\"In-charge, MGSEM\"],\"from_requested_by\":true,\"includes_manual\":false}}','2082/83','APPROVED','santosch492@gmail.com','2026-02-09 04:35:11','bhattadipen33085@gmail.com',NULL,NULL,'2026-02-26 07:13:12','/images/rrp/rrp-reference-L328T1.pdf',NULL,NULL,NULL,NULL,NULL,NULL,NULL,'spare',NULL),
  (865,944,'L432T1','Square Holdings Pvt. Ltd.','2026-04-16','NPR',1.00,258300.00,0.00,NULL,NULL,0.00,0.00,13.00,'SI-00035-PKR','2026-04-12',NULL,291879.00,NULL,'{\"inspection_user\":\"Dinesh Kumar shah,In-charge, MGSEM\",\"inspection_details\":{\"inspection_user\":\"Dinesh Kumar shah,In-charge, MGSEM\",\"names\":[\"Dinesh Kumar shah\"],\"designations\":[\"In-charge, MGSEM\"],\"from_requested_by\":true,\"includes_manual\":false}}','2082/83','APPROVED','santosch492@gmail.com','2026-04-21 11:10:13','bhattadipen33085@gmail.com',NULL,NULL,'2026-04-27 06:35:07','/images/rrp/rrp-reference-L432T1.pdf',NULL,NULL,NULL,NULL,NULL,NULL,NULL,'spare',NULL),
  (1056,1175,'L532','Prabisa Trade Link (P). LTD. Pokhara 10, Chauthe','2026-06-10','NPR',1.00,310086.00,0.00,NULL,NULL,0.00,0.00,13.00,'TI-2989-82/83','2026-06-10',NULL,350397.18,NULL,'{\"inspection_user\":\"Dinesh Kumar shah,In-charge, MGSEM\",\"inspection_details\":{\"inspection_user\":\"Dinesh Kumar shah,In-charge, MGSEM\",\"names\":[\"Dinesh Kumar shah\"],\"designations\":[\"In-charge, MGSEM\"],\"from_requested_by\":true,\"includes_manual\":false}}','2082/83','APPROVED','santosch492@gmail.com','2026-06-12 06:41:32','thapatr7@gmail.com',NULL,NULL,'2026-07-06 06:24:38','/images/rrp/rrp-reference-L532.pdf',NULL,NULL,NULL,NULL,NULL,NULL,NULL,'spare',NULL);

-- =============================================================================
-- VERIFICATION (inspect these before COMMIT)
-- =============================================================================
SELECT 'stock_details' AS tbl, COUNT(*) AS cnt FROM `stock_details` WHERE nac_code COLLATE utf8mb4_unicode_ci = @target_nac;
SELECT 'spare_compatibility' AS tbl, COUNT(*) AS cnt FROM `spare_compatibility` WHERE nac_code COLLATE utf8mb4_unicode_ci = @target_nac;
SELECT 'request_details' AS tbl, COUNT(*) AS cnt FROM `request_details` WHERE nac_code COLLATE utf8mb4_unicode_ci = @target_nac;
SELECT 'receive_details' AS tbl, COUNT(*) AS cnt FROM `receive_details` WHERE nac_code COLLATE utf8mb4_unicode_ci = @target_nac;
SELECT 'issue_details' AS tbl, COUNT(*) AS cnt FROM `issue_details` WHERE nac_code COLLATE utf8mb4_unicode_ci = @target_nac;
SELECT 'rrp_details' AS tbl, COUNT(*) AS cnt FROM `rrp_details` rrp
WHERE rrp.receive_fk IN (
  SELECT id FROM `receive_details` WHERE nac_code COLLATE utf8mb4_unicode_ci = @target_nac
) OR rrp.id IN (
  SELECT rrp_fk FROM `receive_details`
  WHERE nac_code COLLATE utf8mb4_unicode_ci = @target_nac AND rrp_fk IS NOT NULL
);

-- Expected: stock=1, spare=1, request=8, receive=8, issue=408, rrp=8
-- If counts look correct, run these two statements manually:
--   COMMIT;
--   SET FOREIGN_KEY_CHECKS = 1;
-- If anything looks wrong:
--   ROLLBACK;
--   SET FOREIGN_KEY_CHECKS = 1;

